ID,Claim,Mathematical evidence,Proof/source,Executable evidence,Scope/input,Paper location,Result file,Maturity,Fresh recheck,Boundary
G1,Exact greatest observable grant contract over reachable histories and constructive synthesis,"C*={h | K(h) subset W} is correct and uniquely greatest; reverse-DAG kernel plus hidden-closure observer computes it; implementation bound separately charges s=0 preprocessing, resident beliefs, observer edges R, and violation pairs V",observable-grants.md Theorem 1 and Constructive finite synthesis; main Theorem 1/Proposition 2,"Generic synthesize() agrees with the specialized K=1 observer; exhaustive meta-oracle checks all 1,188 contracts on 486 tiny plants; cycles, nonterminal good states, and second grant are rejected",Finite acyclic one-shot plants with explicit uncontrollable/visible/hidden edges,Main Sec. III-A/B,src/contracts.py; tests/test_contract_synthesis.py,proved + implemented + tested,"PASS: 78-test suite, s=0/32-label sanity cases, direct-path meta-oracle, retained-value verifier, and final paper build",Subset construction can be exponential; no cyclic/fairness synthesis
G2,Exact nonblocking-existence criterion,A correct nonblocking observation contract exists iff every reachable environment-quiescent pair has K(h) subset W,observable-grants.md Theorem 2; main Theorem 3,Every retained quiescent pair checked; blocking witnesses retained,Same finite acyclic one-shot class,Main Sec. III-C,parametric-summary.json; bridge-observations.json,proved + finite-checked,PASS: stable-output verifier,Grant enablement does not preempt uncontrollable actions; cyclic fairness excluded
G3,Information and mechanism refinement monotonicity,Refining histories shrinks knowledge; enlarging W enlarges C* and preserves the exact nonblocking criterion,main Theorem 4,Bare versus zero receipt and raw versus drain/generation instances exercise both directions,Fixed plant for interface refinement or fixed observer for kernel refinement,Main Sec. III-D,parametric-summary.json,proved + exemplified,PASS: proof/build review,Does not compare arbitrary protocols whose state spaces and histories are unrelated
G4,Conditional transfer and owned K=1 closure,L1-L4 transfer good completion for concrete grants that actually occur; L6 is additionally required for statewise correctness eligibility and progress realization; the owned K=1 encodings discharge L1-L6 under a shared receipt alphabet,observable-grants.md Theorem 7/Proposition 8 and executable L1-L4 counterexample; main Theorem 5/Proposition 16,"Three-state L1-L4 counterexample; labeled-edge, complete knowledge-set, and permission equality for five mechanisms/two interfaces; wrong-label mutant rejected",One-epoch concrete bridge with total abstraction and well-founded hidden stutter rank,Main Sec. III-E and V-A,metaoracle-summary.json; parametric-summary.json; bridge-plants.json,proved conditionally + finite counterexample + closed for owned encodings,"PASS: 78 tests, fresh replay, and retained-value verifier",No named CXL or commercial protocol is shown to satisfy L1-L6
S1,Largest sound completed-outcome predicate,C_h=h(U) minus h(B); exact iff good and bad images are disjoint,finite-contracts.md Theorem F1; main Theorem 6,All retained candidates and masks processed by two semantic decision paths,Finite admitted completed event-graph universe,Main Sec. III-F,graphs.csv; observations.csv; summary.json,proved + finite-checked,PASS: stable-output verifier,Static completed classification is not a causal grant rule
S2,Exact field separation and 199 minimum certificates,A mask is exact iff it hits every good/bad difference set,finite-contracts.md Theorem F2; main Theorem 7,29 mixed profiles induce 199 inexact mask cases with retained minimum source-word pairs,One noninitial write per location and declared strengthened target,Main Sec. III-F,observations.csv; witnesses.json,proved + finite diagnostic,PASS: stable-output verifier,Hamming distance is not packet/trace minimality or a hardware bug count
B1,Finite stale-fill plant and exact full-state kernel,Acyclic path bound; grant good-completes iff resident old data is absent and every pending response is absent or rendered ineffective,observable-grants.md Lemma 3 plus finite-episode argument; main Lemmas 8-9,"170 eligible states compare suffix search with closed-form guard; two transition builders compare 1,215 edges","One line, finite K, no new old traffic, five declared mechanisms",Main Sec. IV-A/B,parametric-summary.json; bridge-guards.json,proved + finite-checked,PASS: stable-output verifier,"Fresh-miss, response classification, atomic receipt, and finite episode are premises"
B2,Exact deterministic raw receipt-partition theorem,Correct nonblocking raw control exists iff rho(0) differs from rho(p) for every p>0; two classes and [p=0] are tight,observable-grants.md Theorem 4; main Theorem 10,All 75 canonical partitions through K=4 instantiate actual rho-labelled raw plants; direct history/path semantics and generic observer agree without the closed-form helper; K=1 paired witness retained,"Raw timing, atomic post-ack payload, grant-only control, repair available",Main Sec. IV-C,metaoracle-summary.json; parametric-summary.json; tests/test_receipt_partition.py,proved + tested,"PASS: 78-test suite, fresh replay, and explicit receipt-plant rows","Changing initial reachability, adding a query/timing channel, or creating new old traffic changes the theorem"
B3,Exact raw bare-history threshold,Greatest safe bare contract grants after flag and K+1 acknowledgments and blocks every initial branch with fewer than K responses,main Corollary 12,K=1..4 greatest contracts and shortest blocking witnesses,Raw/bare interface,Main Sec. IV-C,parametric-summary.json,proved + finite-checked,PASS: stable-output verifier,Not a lower bound for interfaces that expose readiness elsewhere
B4,Exact modeled mechanism/interface taxonomy and useful-action envelope,"Exact nonblocking pairs for K=0 and K>=1; raw/drain consume all r fills before grant, generation may terminate after d in [0,r] filtered deliveries",observable-grants.md Corollaries 5-6; main Theorem 13/Proposition 14,50 prediction rows plus regression test that generation paths realize zero and one delivered fill at K=1,Five mechanisms and bare/zero receipt interfaces,Main Sec. IV-D,parametric-summary.json; bridge-cases.json,proved + finite-checked,PASS: modeled-taxonomy and corrected action-envelope regressions,"Action counts are abstract schedules, not cycle latency or traffic measurements"
B5,Finite independent-line product,"Under post-grant transition independence and joint freshness, joint W is the Cartesian product and the guard is the conjunction",main Corollary 15,No multi-line product experiment claimed,"Finite independent lines, no shared queues/tags/retries/correlated state",Main Sec. IV-E,none,proved manually,PASS: proof wording corrected to choose a bad component suffix,Joint knowledge need not factor into marginals
E1,Parameterized retained finite results,"25 plants, 50 contracts, 2,024 declared obligations, zero recorded mismatch",counting definition in parametric_bridge.py,"Transition, kernel, knowledge, prediction, explicit safety/eligibility/maximality audits; 30 observation-isomorphism obligations and wrong-label mutant; unsafe and missed-safe mutants rejected","K=0,...,4 only",Main Sec. VII-A/B,parametric-summary.json,measured finite result,"PASS: fresh replay, parsed-value verifier, and 78-test suite","Arbitrary-K claims rest on proofs, not extrapolation"
E2,"Detailed paths, owned transfer, and MP trace map","Five plants, ten cases, 140 maximal paths; every completed path maps to fresh or forbidden MP outcome",operational-bridge.md; main Proposition 16/Theorem 17/Corollary 18,"126 edge checks, 22 guard checks, 31 history fibers, 132 completed maps, 8 blocked paths",Detailed K=1 Boolean model,Main Sec. V-A/B and VII-C,bridge-plants.json; bridge-cases.json; bridge-summary.json,proved + exhaustive retained paths,PASS: stable-output verifier,Blocked paths receive no invented terminal event
E3,Completed semantic diagnostic totals,"270 profiles, 2,892 candidates, 2,877 admitted, 2,848 target-good, 199 witnesses",finite-contracts.md and model.py,Two owned decision procedures and distinct semantic mutants,Declared strengthened no-fence read/write fragment,"Main Sec. III-F, VI-C, and VII-D",graphs.csv; observations.csv; summary.json; witnesses.json,measured finite diagnostic,PASS: parsed-value verifier,"Not full C11, protocol workload breadth, or performance"
E4,Exhaustive tiny-plant and receipt-partition meta-oracle,Direct controlled-path semantics independently encodes correctness/nonblocking on 486 generic plants; 75 actual receipt-labelled raw plants are checked separately without the closed-form helper,src/metaoracle.py; proofs/observable-grants.md Exhaustive tiny-plant meta-oracle,"486 plants, 1,188 contract candidates, zero generic mismatches; 75 explicit receipt plants with zero mismatch; L1-L4 and s=0/32-label sanity records; 64 existential and 180 eligibility mutant counterexamples","Declared finite 486-plant universe and explicit receipt-labelled raw plants for K=0,...,4",Main Sec. VI-A and Table VIII,metaoracle-summary.json,exhaustive finite corroboration,PASS: fresh replay and 78-test suite,Not a proof of the arbitrary finite theorem or a protocol evaluation
R1,Current package validation: 78 tests; fresh eleven-output replay; local ledger checks; 12/3-page clean build,"Documented test, replay, retained-value comparison, and paper-build commands are separated by function",documented final validation commands,Unit tests recompute exercised scientific cases; reproduce.py performs full replay; verify.py only compares parsed values and local structural invariants; build.py compiles PDFs,Delivered source packet and retained results,Companion Sec. VI/VII,unit-tests.txt; reproduction_check.json; paper PDFs,freshly replayed and validated,PASS: repaired worktree plus clean full-project and standalone 78-test suites; final 11-output comparison; 12/3-page build and 15-page render inspection,Does not independently prove handwritten theorems or externally revalidate sources
R2,Original and prospective cumulative ceilings violated; known lower bound at least 270898,"Preserved prior lower bound 251617 plus at least 19281 obligations from the final worktree, clean full-project, and clean standalone 78-test suites",preserved campaign chronology,Machine-readable accounting record,Conversation research campaign,Internal files only; removed from reviewer-facing paper,campaign-accounting.json,recorded noncompliance,PASS: lower bound updated after the fresh replay and all three final 78-test suites; no reserve claimed,Exact all-in total is unrecoverable because partial development/test invocations were not individually metered
N1,Novelty and transfer boundary,Contribution limited to bounded observable-grant/receipt results and owned transfer closure,Main related work/limits; research-plan.md,Pinned public vCXLGen source audit records five exact ACK/count/zero-tested-readiness/completion facts; Synapse is included only as accepted-work metadata; no upstream execution,No industrial-protocol or performance claim,Main Sec. VIII/IX,external_resources.csv; reference_audit.csv; public_protocol_audit.csv,bounded and source-audited,PASS: public-source and reference audits,A stronger architecture claim requires a named protocol lift and cost evaluation
