name,scholarly_or_official_url,license,resource_type,acquisition_method,integration_mode,supported_claim,internals_modified,read_scope,access_date
MemGlue,https://cs.stanford.edu/~trippel/pubs/rcleaveland_FMCAD24.pdf,CC BY 4.0 per repository record,scholarly paper,Primary PDF text/figures inspected,Cited motivation and target; no code or PDF bundled,Strengthened C11 target and heterogeneous translation architecture,no,Full-paper structural/substantive check; upstream mechanization/code not reproduced,2026-09-15
MemGlue repository record,https://repositum.tuwien.at/handle/20.500.12708/200789,CC BY 4.0 shown by repository,scholarly record,Metadata checked,Bibliographic/license attribution,"Title, byline, date, DOI",no,Metadata only,2026-09-15
RC11 repair,https://plv.mpi-sws.org/scfix/paper.pdf,Publisher copyright; not redistributed,scholarly paper,Primary PDF inspected,Declared semantic fragment implemented independently,RC11 relations and separating executions,no,Full-paper structural check; exact definitions/examples inspected,2026-09-15
RC11 author corrigendum,https://www.cs.tau.ac.il/~orilahav/papers/pldi17_corrigendum.html,Author page; not redistributed,author-issued technical corrigendum,Author primary source inspected,Cited qualification of the RC11 semantic background; no content bundled,December 2025 correction to the SC condition for register-promotion soundness,no,"Relevant statement, counterexample, and proposed repair inspected; not counted as a peer-reviewed paper",2026-09-16
Compositional heterogeneous coherence foundation,https://www.goens.org/publications/pldi26.pdf,CC BY 4.0 in paper,scholarly paper,Primary PDF inspected,Related-work and lifting comparison only,"Composition premises, propagation assumptions, invalidate-read condition",no,Full-paper structural/substantive check; mechanization not executed,2026-09-15
Composable cache-coherence proofs,https://infoscience.epfl.ch/bitstreams/2f19ffc2-7e3c-4296-bd69-9035f576bb1d/download,CC BY 4.0 in paper,scholarly paper,Primary PDF inspected,Related-work comparison only,Mechanized decomposition and refinement,no,Full-paper structural/substantive check; Lean artifact not executed,2026-09-15
Partial-observation supervisory control,https://homes.cs.aau.dk/~martijn/papers/2024WODES.pdf,CC BY-NC-ND notice in author PDF,scholarly paper,Primary PDF inspected,Control-theory positioning only,Observation consistency and nonblocking supervisor context,no,Full-paper structural check; no implementation integrated,2026-09-15
C3 CXL coherence controllers,https://anatolelefort.net/papers/c3-hpca26.pdf,No redistribution permission verified; not redistributed,scholarly paper,Primary PDF inspected,Closest-system comparison only,"Flow delegation, cross-domain completion and atomicity",no,Full-paper structural/substantive check; upstream system not run,2026-09-15
vCXLGen,https://anatolelefort.net/papers/vcxlgen-asplos26-preprint.pdf,CC BY 4.0 in author PDF,scholarly paper,Primary PDF inspected,Closest synthesis/verification comparison only,CXL bridge synthesis and compositional liveness checking,no,Full-paper structural/substantive check; upstream system not run,2026-09-15
ShimGen,https://arxiv.org/pdf/2608.05965,arXiv preprint; not redistributed,scholarly preprint,Primary PDF inspected,Newest-close-work comparison only,Heterogeneous hierarchical scoped synthesis and litmus validation,no,Full-paper structural/substantive check; v1 dated August 2026; code not run,2026-09-15
Spandex,https://rsim.cs.illinois.edu/Pubs/18-ISCA-Spandex.pdf,Publisher copyright; not redistributed,scholarly paper,Author PDF inspected,Influential interface calibration only,Flexible heterogeneous coherence interface,no,Full-paper structural check; no numerical baseline imported,2026-09-15
ProtoGen,https://doi.org/10.1109/ISCA.2018.00030,Publisher copyright; not redistributed,scholarly paper,Publisher/author full text and metadata inspected,Influential synthesis calibration only,Atomic-specification-to-directory-protocol generation,no,Full-paper structural calibration; tool not run,2026-09-15
HeteroGen,https://doi.org/10.1109/HPCA53966.2022.00061,Publisher copyright; not redistributed,scholarly paper,IEEE metadata and author manuscript inspected,Closest synthesis calibration only,Automatic heterogeneous protocol synthesis,no,Full-paper structural calibration; corrected publisher metadata; tool not run,2026-09-16
HieraGen,https://doi.org/10.1109/ISCA45697.2020.00077,Publisher copyright; not redistributed,scholarly paper,Publisher/author full text and metadata inspected,Influential synthesis calibration only,Concurrent hierarchical protocol generation,no,Full-paper structural calibration; tool not run,2026-09-15
Stanford DASH,https://doi.org/10.1109/2.121510,Publisher copyright; not redistributed,scholarly paper,Full text and metadata inspected,Influential-system calibration only,Scalable directory-coherent multiprocessor evidence style,no,Full-paper structural calibration; no data imported,2026-09-15
Token Coherence,https://doi.org/10.1145/859618.859640,Publisher copyright; not redistributed,scholarly paper,Full text and metadata inspected,Influential-principle calibration only,Correctness/performance decoupling,no,Full-paper structural calibration; no implementation run,2026-09-15
Tardis,https://doi.org/10.1109/PACT.2015.12,Publisher copyright; not redistributed,scholarly paper,Full text and metadata inspected,Influential-mechanism calibration only,Logical-time coherence invariant and system evaluation,no,Full-paper structural calibration; corrected final page; no data imported,2026-09-16
Censier and Feautrier 1978,https://doi.org/10.1109/TC.1978.1675013,Publisher copyright; not redistributed,IEEE Transactions on Computers paper,Full text where lawfully accessible plus publisher metadata inspected,Venue narrative/evidence calibration only,Presence-flag coherence mechanism,no,Full-paper structural calibration; no experiment/proof reproduction,2026-09-15
Lamport 1979,https://doi.org/10.1109/TC.1979.1675439,Publisher copyright; not redistributed,IEEE Transactions on Computers paper,Full text where lawfully accessible plus publisher metadata inspected,Venue narrative/evidence calibration only,Sequential-consistency criterion,no,Full-paper structural calibration; no experiment/proof reproduction,2026-09-15
Gupta and Weber 1992,https://doi.org/10.1109/12.256449,Publisher copyright; not redistributed,IEEE Transactions on Computers paper,Full text where lawfully accessible plus publisher metadata inspected,Venue narrative/evidence calibration only,Measured invalidation patterns,no,Full-paper structural calibration; no experiment/proof reproduction,2026-09-15
"Torrellas, Lam, and Hennessy 1994",https://doi.org/10.1109/12.286299,Publisher copyright; not redistributed,IEEE Transactions on Computers paper,Full text where lawfully accessible plus publisher metadata inspected,Venue narrative/evidence calibration only,False sharing and spatial locality,no,Full-paper structural calibration; no experiment/proof reproduction,2026-09-15
Heinrich et al. 1999,https://doi.org/10.1109/12.752662,Publisher copyright; not redistributed,IEEE Transactions on Computers paper,Full text where lawfully accessible plus publisher metadata inspected,Venue narrative/evidence calibration only,Protocol performance/scalability modeling,no,Full-paper structural calibration; no experiment/proof reproduction,2026-09-15
Chang and Bhuyan 1999,https://doi.org/10.1109/12.755001,Publisher copyright; not redistributed,IEEE Transactions on Computers paper,Full text where lawfully accessible plus publisher metadata inspected,Venue narrative/evidence calibration only,Tree coherence protocol,no,Full-paper structural calibration; no experiment/proof reproduction,2026-09-15
Gao and Sarkar 2000,https://doi.org/10.1109/12.868026,Publisher copyright; not redistributed,IEEE Transactions on Computers paper,Full text where lawfully accessible plus publisher metadata inspected,Venue narrative/evidence calibration only,Location consistency and protocol,no,Full-paper structural calibration; no experiment/proof reproduction,2026-09-15
Li and John 2001,https://doi.org/10.1109/12.954507,Publisher copyright; not redistributed,IEEE Transactions on Computers paper,Full text where lawfully accessible plus publisher metadata inspected,Venue narrative/evidence calibration only,Directory representation tradeoff,no,Full-paper structural calibration; no experiment/proof reproduction,2026-09-15
"Ashby, Diaz, and Cintra 2011",https://doi.org/10.1109/TC.2010.155,Publisher copyright; not redistributed,IEEE Transactions on Computers paper,Full text where lawfully accessible plus publisher metadata inspected,Venue narrative/evidence calibration only,Selective self-invalidation,no,Full-paper structural calibration; no experiment/proof reproduction,2026-09-15
Verbeek et al. 2017,https://doi.org/10.1109/TC.2016.2584060,Publisher copyright; not redistributed,IEEE Transactions on Computers paper,Full text where lawfully accessible plus publisher metadata inspected,Venue narrative/evidence calibration only,Deadlock verification,no,Full-paper structural calibration; no experiment/proof reproduction,2026-09-15
"Kaushik, Hassan, and Patel 2021",https://doi.org/10.1109/TC.2020.3037747,Publisher copyright; not redistributed,IEEE Transactions on Computers paper,Full text where lawfully accessible plus publisher metadata inspected,Venue narrative/evidence calibration only,Predictable coherence,no,Full-paper structural calibration; no experiment/proof reproduction,2026-09-15
Hassan 2023 DISCO,https://doi.org/10.1109/TC.2022.3193624,Publisher copyright; not redistributed,IEEE Transactions on Computers paper,Full text where lawfully accessible plus publisher metadata inspected,Venue narrative/evidence calibration only,Time-based predictable coherence,no,Full-paper structural calibration; corrected title/pages; no experiment/proof reproduction,2026-09-16
Learning assumptions for compositional verification,https://doi.org/10.1007/3-540-36577-X_24,Springer copyright; not redistributed,scholarly paper,Full text/metadata inspected,Related-work positioning only,Counterexample-guided assumption learning,no,Structural/substantive calibration; implementation not run,2026-09-15
Refining interface alphabets,https://doi.org/10.1007/978-3-540-71209-1_23,Springer copyright; not redistributed,scholarly paper,Full text/metadata inspected,Related-work positioning only,Counterexample-guided interface alphabet refinement,no,Structural/substantive calibration; implementation not run,2026-09-15
Ramadge-Wonham supervisory control,https://doi.org/10.1137/0325013,Publisher copyright; not redistributed,scholarly paper,Full text/metadata inspected,Foundational attribution only,Supervisory control of discrete-event processes,no,Substantive theorem context; no implementation,2026-09-15
Supplied IEEE journal class and bibliography style,https://template-selector.ieee.org/,LPPL 1.3 notices retained,publisher template asset,Matched user-supplied archive; final byte comparison passed,Unmodified copies in paper package,IEEE journal formatting family,no,Structural inspection and byte identity verified; live selector did not return substantive selection content,2026-09-15
IEEE Computer Society author resources,https://www.computer.org/publications/author-resources,Website copyright; not redistributed,official workflow source,Live first-party author-guidance page inspected on 2026-09-21,Build gates and submission-readiness notes only; not manuscript bibliography,"Regular journal abstracts are 100--200 words without mathematical expressions or bibliographic references; journals require article templates; the general Transactions formatted-page baseline is 12 pages including references and biographies, while submission limits may differ",no,"Preparing Your Paper, length/reference limits, journal abstract rules, and Mandatory Overlength Page Charges sections",2026-09-21
TC author information,https://www.computer.org/csdl/journal/tc/write-for-us/15066,Website terms; not redistributed,official workflow source,Live page checked,Readiness hold only; not manuscript bibliography,Current numeric/layout/supplement/link rules not freshly recoverable,no,Page returned a non-substantive shell in this environment,2026-09-15
IEEE AI-content disclosure guidance,https://open.ieee.org/author-guidelines-for-artificial-intelligence-ai-generated-text/,Website copyright; not redistributed,official workflow source,Relevant official guidance checked,Truthful paper acknowledgment and project state,Disclosure of substantive AI-generated article content,no,Relevant disclosure section inspected,2026-09-15
vCXLGen public artifact,https://github.com/TUM-DSE/vCXLGen/tree/0c5c6d8e06ecf1a1d6fed3e6097e496850306dc0,Top-level MIT; inspected SLICC files carry ARM/gem5 BSD-style notices; no source redistributed,public paper artifact source,GitHub connector at immutable commit; targeted source actions and transitions inspected; repository not executed,Qualitative audit anchor plus machine-readable source ledger; no source copied into deliverable,"Individual response, pending-ack count, zero-tested all-acks trigger, and later completion are distinct in the audited path",no,"README; top-level LICENSE; targeted SLICC response types, TBE fields, actions, and transitions at immutable commit",2026-09-21
Synapse accepted MICRO 2026 record,https://spp2377.uos.de/publications/cxl-bridge/,Metadata page; paper not redistributed,accepted scholarly-work metadata,Official project and TUM publication pages inspected; public paper/code unavailable at cutoff,Closest-work boundary only; bibliography metadata and explicit availability caveat,The named automated coherence-controller synthesis work is accepted/to appear at MICRO 2026,no,"Title, authors, venue, acceptance state, and public-availability status only; no technical content inferred",2026-09-21
