key,title,authors,venue,year,pages_or_article,doi_or_identifier,verification_source,verification_level,manuscript_use,status,notes,access_date
memglue,Memory Consistency Model-Aware Cache Coherence for Heterogeneous Hardware,Rachel Cleaveland; Caroline Trippel,FMCAD 2024,2024,163-174,10.34727/2024/isbn.978-3-85448-065-5_22,https://repositum.tuwien.at/handle/20.500.12708/200789,repository metadata + full text inspected,"anchor result, scope, and target",PASS,"Primary repository supplies title, byline, pages, DOI, and CC BY 4.0 record.",2026-09-16
rc11,Repairing Sequential Consistency in C/C++11,Ori Lahav; Viktor Vafeiadis; Jeehoon Kang; Chung-Kil Hur; Derek Dreyer,PLDI 2017,2017,618-632,10.1145/3062341.3062352,https://dl.acm.org/doi/10.1145/3062341.3062352,publisher metadata + full text inspected,declared RC11 background only,PASS,Proceedings DOI; paper is qualified by the separate December 2025 corrigendum.,2026-09-16
rc11corrigendum,Corrigendum for “Repairing Sequential Consistency in C/C++11”,Ori Lahav,Author-issued corrigendum,2025,n/a,author page,https://www.cs.tau.ac.il/~orilahav/papers/pldi17_corrigendum.html,author primary source inspected,limits of RC11 register-promotion claim,PASS,Not counted as a peer-reviewed paper; cited because it materially qualifies the semantic source.,2026-09-16
foundation,A Formally Verified Foundation for Compositional Heterogeneous Coherence,An Qi Zhang; Andrés Goens; Daniel J. Sorin; Vijay Nagarajan,PACMPL PLDI,2026,"Article 272, 25 pages",10.1145/3808350,https://dl.acm.org/doi/10.1145/3808350,publisher metadata + full text inspected,closest compositional theorem,PASS,Article-number pagination retained.,2026-09-16
composable,Towards Composable Proofs of Cache Coherence Protocols,Martina Camaioni; Yann Herklotz; Tz-Ching Yu; Thomas Bourgeat,CPP 2026,2026,338-351,10.1145/3779031.3779106,https://dl.acm.org/doi/10.1145/3779031.3779106,publisher/program metadata + full text inspected,mechanized proof decomposition,PASS,No Lean artifact result is imported.,2026-09-16
learning,Learning Assumptions for Compositional Verification,Jamieson M. Cobleigh; Dimitra Giannakopoulou; Corina S. Păsăreanu,TACAS 2003,2003,331-346,10.1007/3-540-36577-X_24,https://doi.org/10.1007/3-540-36577-X_24,publisher metadata rechecked,assumption-learning context,PASS,Background only.,2026-09-16
alphabet,Refining Interface Alphabets for Compositional Verification,Mihaela Gheorghiu; Dimitra Giannakopoulou; Corina S. Păsăreanu,TACAS 2007,2007,292-307,10.1007/978-3-540-71209-1_23,https://doi.org/10.1007/978-3-540-71209-1_23,publisher metadata rechecked,interface-observation context,PASS,Background only.,2026-09-16
ramadgewonham,Supervisory Control of a Class of Discrete Event Processes,Peter J. Ramadge; W. Murray Wonham,SIAM Journal on Control and Optimization 25(1),1987,206-230,10.1137/0325013,https://doi.org/10.1137/0325013,publisher metadata rechecked,generic supervisory-control foundation,PASS,Paper explicitly prevents claiming the generic controller construction as novel.,2026-09-16
partialcontrol,Supervisor Synthesis under Partial Observation of Uncontrollable Events Using Full Observation Synthesis,Martijn Goorden; Michel Reniers,IFAC-PapersOnLine 58(1),2024,114-119,10.1016/j.ifacol.2024.07.020,https://doi.org/10.1016/j.ifacol.2024.07.020,publisher metadata + full text inspected,partial-observation positioning,PASS,No upstream implementation integrated.,2026-09-16
spandex,Spandex: A Flexible Interface for Efficient Heterogeneous Coherence,Johnathan Alsop; Matthew D. Sinclair; Sarita V. Adve,ISCA 2018,2018,261-274,10.1109/ISCA.2018.00031,https://doi.org/10.1109/ISCA.2018.00031,publisher metadata + author full text inspected,heterogeneous interface calibration,PASS,No performance numbers imported.,2026-09-16
c3,C3: CXL Coherence Controllers for Heterogeneous Architectures,Anatole Lefort; David Schall; Nicolò Carpentieri; Julian Pritzi; Soham Chakraborty; Nicolai Oswald; Pramod Bhatotia,HPCA 2026,2026,1-17,10.1109/HPCA68181.2026.11408469,https://doi.org/10.1109/HPCA68181.2026.11408469,publisher metadata + full text inspected,closest concrete controller,PASS,No implementation result imported.,2026-09-16
vcxlgen,vCXLGen: Automated Synthesis and Verification of CXL Bridges for Heterogeneous Architectures,Anatole Lefort; Julian Pritzi; Nicolò Carpentieri; David Schall; Simon Dittrich; Soham Chakraborty; Nicolai Oswald; Pramod Bhatotia,"ASPLOS 2026, Vol. 2",2026,2177-2196,10.1145/3779212.3790245,https://dl.acm.org/doi/10.1145/3779212.3790245,publisher metadata + full text inspected,closest bridge synthesis/liveness system,PASS,No implementation result imported.,2026-09-16
shimgen,"Automated Synthesis of Heterogeneous, Hierarchical, Scoped Coherence Protocols",Fletch Rydell; An Qi Zhang; Nicolai Oswald; Andrés Goens; Vijay Nagarajan; Daniel J. Sorin,arXiv preprint,2026,arXiv:2608.05965,10.48550/arXiv.2608.05965,https://arxiv.org/abs/2608.05965,arXiv metadata + full text inspected,newest close preprint,PASS,Preprint status is explicit; not represented as peer reviewed.,2026-09-16
protogen,ProtoGen: Automatically Generating Directory Cache Coherence Protocols from Atomic Specifications,Nicolai Oswald; Vijay Nagarajan; Daniel J. Sorin,ISCA 2018,2018,247-260,10.1109/ISCA.2018.00030,https://doi.org/10.1109/ISCA.2018.00030,publisher metadata rechecked,protocol-generation baseline,PASS,No tool run.,2026-09-16
heterogen,HeteroGen: Automatic Synthesis of Heterogeneous Cache Coherence Protocols,Nicolai Oswald; Vijay Nagarajan; Daniel J. Sorin; Vasilis Gavrielatos; Theo Olausson; Reece Carr,HPCA 2022,2022,756-771,10.1109/HPCA53966.2022.00061,https://ieeexplore.ieee.org/document/9773254,IEEE metadata + author manuscript inspected,heterogeneous synthesis baseline,PASS,Corrected from an erroneous ISCA/ACM entry; IEEE notes an author-supplied replacement file.,2026-09-16
hieragen,"HieraGen: Automated Generation of Concurrent, Hierarchical Cache Coherence Protocols",Nicolai Oswald; Vijay Nagarajan; Daniel J. Sorin,ISCA 2020,2020,888-899,10.1109/ISCA45697.2020.00077,https://doi.org/10.1109/ISCA45697.2020.00077,publisher metadata rechecked,hierarchical synthesis calibration,PASS,No tool run.,2026-09-16
lamport,How to Make a Multiprocessor Computer That Correctly Executes Multiprocess Programs,Leslie Lamport,IEEE Transactions on Computers C-28(9),1979,690-691,10.1109/TC.1979.1675439,https://doi.org/10.1109/TC.1979.1675439,publisher metadata rechecked,same-venue semantic calibration,PASS,Historical foundation.,2026-09-16
censier,A New Solution to Coherence Problems in Multicache Systems,Lucien M. Censier; Paul Feautrier,IEEE Transactions on Computers C-27(12),1978,1112-1118,10.1109/TC.1978.1675013,https://doi.org/10.1109/TC.1978.1675013,publisher metadata rechecked,same-venue coherence calibration,PASS,Historical foundation.,2026-09-16
gupta,Cache Invalidation Patterns in Shared-Memory Multiprocessors,Anoop Gupta; Wolf-Dietrich Weber,IEEE Transactions on Computers 41(7),1992,794-810,10.1109/12.256449,https://doi.org/10.1109/12.256449,publisher metadata rechecked,same-venue empirical calibration,PASS,No data imported.,2026-09-16
torrellas,False Sharing and Spatial Locality in Multiprocessor Caches,Josep Torrellas; Monica S. Lam; John L. Hennessy,IEEE Transactions on Computers 43(6),1994,651-663,10.1109/12.286299,https://doi.org/10.1109/12.286299,publisher metadata rechecked,same-venue empirical calibration,PASS,No data imported.,2026-09-16
heinrich,A Quantitative Analysis of the Performance and Scalability of Distributed Shared Memory Cache Coherence Protocols,Mark Heinrich; Vijayaraghavan Soundararajan; John L. Hennessy; Anoop Gupta,IEEE Transactions on Computers 48(2),1999,205-217,10.1109/12.752662,https://doi.org/10.1109/12.752662,publisher metadata rechecked,same-venue modeling calibration,PASS,No model or data imported.,2026-09-16
chang,An Efficient Tree Cache Coherence Protocol for Distributed Shared Memory Multiprocessors,Yeim-Kuan Chang; Laxmi N. Bhuyan,IEEE Transactions on Computers 48(3),1999,352-360,10.1109/12.755001,https://doi.org/10.1109/12.755001,publisher metadata rechecked,same-venue mechanism calibration,PASS,No implementation imported.,2026-09-16
location,Location Consistency—A New Memory Model and Cache Consistency Protocol,Guang R. Gao; Vivek Sarkar,IEEE Transactions on Computers 49(8),2000,798-813,10.1109/12.868026,https://doi.org/10.1109/12.868026,publisher metadata rechecked,same-venue model/protocol calibration,PASS,No implementation imported.,2026-09-16
adir,ADir_pNB: A Cost-Effective Way to Implement Full Map Directory-Based Cache Coherence Protocols,Tao Li; Lizy Kurian John,IEEE Transactions on Computers 50(9),2001,921-934,10.1109/12.954507,https://doi.org/10.1109/12.954507,publisher metadata rechecked,same-venue directory calibration,PASS,No implementation imported.,2026-09-16
ashby,Software-Based Cache Coherence with Hardware-Assisted Selective Self-Invalidations Using Bloom Filters,Thomas J. Ashby; Pedro Díaz; Marcelo Cintra,IEEE Transactions on Computers 60(4),2011,472-483,10.1109/TC.2010.155,https://doi.org/10.1109/TC.2010.155,publisher metadata rechecked,same-venue mechanism calibration,PASS,No implementation imported.,2026-09-16
verbeek,Deadlock Verification of Cache Coherence Protocols and Communication Fabrics,Freek Verbeek; Pooria M. Yaghini; Ashkan Eghbal; Nader Bagherzadeh,IEEE Transactions on Computers 66(2),2017,272-284,10.1109/TC.2016.2584060,https://doi.org/10.1109/TC.2016.2584060,publisher metadata rechecked,same-venue progress calibration,PASS,No verifier result imported.,2026-09-16
kaushik,Designing Predictable Cache Coherence Protocols for Multi-Core Real-Time Systems,Siddharth Kaushik; Mohamed Hassan; Hiren D. Patel,IEEE Transactions on Computers 70(12),2021,2098-2111,10.1109/TC.2020.3037747,https://doi.org/10.1109/TC.2020.3037747,publisher metadata rechecked,same-venue predictability calibration,PASS,No implementation result imported.,2026-09-16
disco,DISCO: Time-Compositional Cache Coherence for Multi-Core Real-Time Embedded Systems,Mohamed Hassan,IEEE Transactions on Computers 72(4),2023,1163-1177,10.1109/TC.2022.3193624,https://doi.org/10.1109/TC.2022.3193624,publisher/author metadata rechecked,same-venue recent calibration,PASS,Corrected title and pages from the prior erroneous entry.,2026-09-16
dash,The Stanford DASH Multiprocessor,Daniel Lenoski; James Laudon; Kourosh Gharachorloo; Wolf-Dietrich Weber; Anoop Gupta; John L. Hennessy; Mark Horowitz; Monica S. Lam,IEEE Computer 25(3),1992,63-79,10.1109/2.121510,https://doi.org/10.1109/2.121510,publisher metadata rechecked,influential-system calibration,PASS,No data imported.,2026-09-16
token,Token Coherence: Decoupling Performance and Correctness,Martin M. K. Martin; Mark D. Hill; David A. Wood,ISCA 2003,2003,182-193,10.1145/859618.859640,https://dl.acm.org/doi/10.1145/859618.859640,publisher metadata rechecked,influential-principle calibration,PASS,No implementation imported.,2026-09-16
tardis,Tardis: Time Traveling Coherence Algorithm for Distributed Shared Memory,Xiangyao Yu; Srinivas Devadas,PACT 2015,2015,227-240,10.1109/PACT.2015.12,https://www.computer.org/csdl/proceedings-article/pact/2015/07428748/12OmNzNaAz6,IEEE Computer Society metadata rechecked,influential-mechanism calibration,PASS,Corrected final page from 242 to 240.,2026-09-16
vcxlgenartifact,vCXLGen Artifact,Anatole Lefort; Julian Pritzi; Nicolò Carpentieri; David Schall; Simon Dittrich; Soham Chakraborty; Nicolai Oswald; Pramod Bhatotia,"Public paper artifact (GitHub, immutable commit)",2026,commit 0c5c6d8e06ecf1a1d6fed3e6097e496850306dc0,Git commit 0c5c6d8e06ecf1a1d6fed3e6097e496850306dc0,https://github.com/TUM-DSE/vCXLGen/tree/0c5c6d8e06ecf1a1d6fed3e6097e496850306dc0,"immutable public artifact inspected; README, top-level license, and file-local source notices checked; exact pending-count and all-acks source locations audited",qualitative public-source interface audit only,PASS,"Not counted as a peer-reviewed paper and not executed. Supports only the factual separation of ordinary ACK, pending-ack count, zero-tested ALL_ACKS readiness, and a later completion transition; no source file is redistributed and no L1--L6 obligation is claimed.",2026-09-21
synapse,"Decoupling Protocol, Topology, and Policy for Automated Synthesis of Coherence Controllers",Nicolò Carpentieri; Anatole Lefort; David Schall; Julian Pritzi; Pramod Bhatotia,MICRO 2026 (accepted),2026,to appear,official accepted record; no DOI assigned,https://spp2377.uos.de/publications/cxl-bridge/,official accepted metadata; public paper unavailable,closest-work boundary only; no theorem or experiment attributed,PASS,"Official project and TUM publication pages list the paper as accepted/to appear. Public author pages still showed PDF/code unavailable at the audit cutoff, so the manuscript uses only title/acceptance metadata and makes no technical comparison.",2026-09-21
