program,reads,background,allowed,original_rc11_allowed,coherence_violation,sc_violation,nta_violation
CoRR-RA-000,00,1,1,1,0,0,0
CoRR-RA-000,01,1,1,1,0,0,0
CoRR-RA-000,10,0,0,0,1,0,0
CoRR-RA-000,11,1,1,1,0,0,0
CoRR-RA-001,00,1,1,1,0,0,0
CoRR-RA-001,01,1,1,1,0,0,0
CoRR-RA-001,10,0,0,0,1,0,0
CoRR-RA-001,11,1,1,1,0,0,0
CoRR-RA-010,00,1,1,1,0,0,0
CoRR-RA-010,01,1,1,1,0,0,0
CoRR-RA-010,10,0,0,0,1,0,0
CoRR-RA-010,11,1,1,1,0,0,0
CoRR-RA-011,00,1,1,1,0,0,0
CoRR-RA-011,01,1,1,1,0,0,0
CoRR-RA-011,10,0,0,0,1,0,0
CoRR-RA-011,11,1,1,1,0,0,0
CoRR-RA-100,00,1,1,1,0,0,0
CoRR-RA-100,01,1,1,1,0,0,0
CoRR-RA-100,10,0,0,0,1,0,0
CoRR-RA-100,11,1,1,1,0,0,0
CoRR-RA-101,00,1,1,1,0,0,0
CoRR-RA-101,01,1,1,1,0,0,0
CoRR-RA-101,10,0,0,0,1,0,0
CoRR-RA-101,11,1,1,1,0,0,0
CoRR-RA-110,00,1,1,1,0,0,0
CoRR-RA-110,01,1,1,1,0,0,0
CoRR-RA-110,10,0,0,0,1,0,0
CoRR-RA-110,11,1,1,1,0,0,0
CoRR-RA-111,00,1,1,1,0,0,0
CoRR-RA-111,01,1,1,1,0,0,0
CoRR-RA-111,10,0,0,0,1,0,0
CoRR-RA-111,11,1,1,1,0,0,0
CoRR-SC-001,00,1,1,1,0,0,0
CoRR-SC-001,01,1,1,1,0,0,0
CoRR-SC-001,10,0,0,0,1,0,0
CoRR-SC-001,11,1,1,1,0,0,0
CoRR-SC-010,00,1,1,1,0,0,0
CoRR-SC-010,01,1,1,1,0,0,0
CoRR-SC-010,10,0,0,0,1,0,0
CoRR-SC-010,11,1,1,1,0,0,0
CoRR-SC-011,00,1,1,1,0,0,0
CoRR-SC-011,01,1,1,1,0,0,0
CoRR-SC-011,10,0,0,0,1,0,0
CoRR-SC-011,11,1,1,1,0,0,0
CoRR-SC-100,00,1,1,1,0,0,0
CoRR-SC-100,01,1,1,1,0,0,0
CoRR-SC-100,10,0,0,0,1,0,0
CoRR-SC-100,11,1,1,1,0,0,0
CoRR-SC-101,00,1,1,1,0,0,0
CoRR-SC-101,01,1,1,1,0,0,0
CoRR-SC-101,10,0,0,0,1,0,0
CoRR-SC-101,11,1,1,1,0,0,0
CoRR-SC-110,00,1,1,1,0,0,0
CoRR-SC-110,01,1,1,1,0,0,0
CoRR-SC-110,10,0,0,0,1,0,0
CoRR-SC-110,11,1,1,1,0,0,0
CoRR-SC-111,00,1,1,1,0,0,0
CoRR-SC-111,01,1,1,1,0,0,0
CoRR-SC-111,10,0,0,0,1,1,0
CoRR-SC-111,11,1,1,1,0,0,0
MP-RA-0000,00,1,1,1,0,0,0
MP-RA-0000,01,1,1,1,0,0,0
MP-RA-0000,10,1,1,1,0,0,0
MP-RA-0000,11,1,1,1,0,0,0
MP-RA-0001,00,1,1,1,0,0,0
MP-RA-0001,01,1,1,1,0,0,0
MP-RA-0001,10,1,1,1,0,0,0
MP-RA-0001,11,1,1,1,0,0,0
MP-RA-0010,00,1,1,1,0,0,0
MP-RA-0010,01,1,1,1,0,0,0
MP-RA-0010,10,1,1,1,0,0,0
MP-RA-0010,11,1,1,1,0,0,0
MP-RA-0011,00,1,1,1,0,0,0
MP-RA-0011,01,1,1,1,0,0,0
MP-RA-0011,10,1,1,1,0,0,0
MP-RA-0011,11,1,1,1,0,0,0
MP-RA-0100,00,1,1,1,0,0,0
MP-RA-0100,01,1,1,1,0,0,0
MP-RA-0100,10,1,1,1,0,0,0
MP-RA-0100,11,1,1,1,0,0,0
MP-RA-0101,00,1,1,1,0,0,0
MP-RA-0101,01,1,1,1,0,0,0
MP-RA-0101,10,1,1,1,0,0,0
MP-RA-0101,11,1,1,1,0,0,0
MP-RA-0110,00,1,1,1,0,0,0
MP-RA-0110,01,1,1,1,0,0,0
MP-RA-0110,10,1,0,0,1,0,0
MP-RA-0110,11,1,1,1,0,0,0
MP-RA-0111,00,1,1,1,0,0,0
MP-RA-0111,01,1,1,1,0,0,0
MP-RA-0111,10,1,0,0,1,0,0
MP-RA-0111,11,1,1,1,0,0,0
MP-RA-1000,00,1,1,1,0,0,0
MP-RA-1000,01,1,1,1,0,0,0
MP-RA-1000,10,1,1,1,0,0,0
MP-RA-1000,11,1,1,1,0,0,0
MP-RA-1001,00,1,1,1,0,0,0
MP-RA-1001,01,1,1,1,0,0,0
MP-RA-1001,10,1,1,1,0,0,0
MP-RA-1001,11,1,1,1,0,0,0
MP-RA-1010,00,1,1,1,0,0,0
MP-RA-1010,01,1,1,1,0,0,0
MP-RA-1010,10,1,1,1,0,0,0
MP-RA-1010,11,1,1,1,0,0,0
MP-RA-1011,00,1,1,1,0,0,0
MP-RA-1011,01,1,1,1,0,0,0
MP-RA-1011,10,1,1,1,0,0,0
MP-RA-1011,11,1,1,1,0,0,0
MP-RA-1100,00,1,1,1,0,0,0
MP-RA-1100,01,1,1,1,0,0,0
MP-RA-1100,10,1,1,1,0,0,0
MP-RA-1100,11,1,1,1,0,0,0
MP-RA-1101,00,1,1,1,0,0,0
MP-RA-1101,01,1,1,1,0,0,0
MP-RA-1101,10,1,1,1,0,0,0
MP-RA-1101,11,1,1,1,0,0,0
MP-RA-1110,00,1,1,1,0,0,0
MP-RA-1110,01,1,1,1,0,0,0
MP-RA-1110,10,1,0,0,1,0,0
MP-RA-1110,11,1,1,1,0,0,0
MP-RA-1111,00,1,1,1,0,0,0
MP-RA-1111,01,1,1,1,0,0,0
MP-RA-1111,10,1,0,0,1,0,0
MP-RA-1111,11,1,1,1,0,0,0
MP-SC-0001,00,1,1,1,0,0,0
MP-SC-0001,01,1,1,1,0,0,0
MP-SC-0001,10,1,1,1,0,0,0
MP-SC-0001,11,1,1,1,0,0,0
MP-SC-0010,00,1,1,1,0,0,0
MP-SC-0010,01,1,1,1,0,0,0
MP-SC-0010,10,1,1,1,0,0,0
MP-SC-0010,11,1,1,1,0,0,0
MP-SC-0011,00,1,1,1,0,0,0
MP-SC-0011,01,1,1,1,0,0,0
MP-SC-0011,10,1,1,1,0,0,0
MP-SC-0011,11,1,1,1,0,0,0
MP-SC-0100,00,1,1,1,0,0,0
MP-SC-0100,01,1,1,1,0,0,0
MP-SC-0100,10,1,1,1,0,0,0
MP-SC-0100,11,1,1,1,0,0,0
MP-SC-0101,00,1,1,1,0,0,0
MP-SC-0101,01,1,1,1,0,0,0
MP-SC-0101,10,1,1,1,0,0,0
MP-SC-0101,11,1,1,1,0,0,0
MP-SC-0110,00,1,1,1,0,0,0
MP-SC-0110,01,1,1,1,0,0,0
MP-SC-0110,10,1,0,0,1,0,0
MP-SC-0110,11,1,1,1,0,0,0
MP-SC-0111,00,1,1,1,0,0,0
MP-SC-0111,01,1,1,1,0,0,0
MP-SC-0111,10,1,0,0,1,0,0
MP-SC-0111,11,1,1,1,0,0,0
MP-SC-1000,00,1,1,1,0,0,0
MP-SC-1000,01,1,1,1,0,0,0
MP-SC-1000,10,1,1,1,0,0,0
MP-SC-1000,11,1,1,1,0,0,0
MP-SC-1001,00,1,1,1,0,0,0
MP-SC-1001,01,1,1,1,0,0,0
MP-SC-1001,10,1,1,1,0,0,0
MP-SC-1001,11,1,1,1,0,0,0
MP-SC-1010,00,1,1,1,0,0,0
MP-SC-1010,01,1,1,1,0,0,0
MP-SC-1010,10,1,1,1,0,0,0
MP-SC-1010,11,1,1,1,0,0,0
MP-SC-1011,00,1,1,1,0,0,0
MP-SC-1011,01,1,1,1,0,0,0
MP-SC-1011,10,1,1,1,0,0,0
MP-SC-1011,11,1,1,1,0,0,0
MP-SC-1100,00,1,1,1,0,0,0
MP-SC-1100,01,1,1,1,0,0,0
MP-SC-1100,10,1,1,1,0,0,0
MP-SC-1100,11,1,1,1,0,0,0
MP-SC-1101,00,1,1,1,0,0,0
MP-SC-1101,01,1,1,1,0,0,0
MP-SC-1101,10,1,1,1,0,0,0
MP-SC-1101,11,1,1,1,0,0,0
MP-SC-1110,00,1,1,1,0,0,0
MP-SC-1110,01,1,1,1,0,0,0
MP-SC-1110,10,1,0,0,1,0,0
MP-SC-1110,11,1,1,1,0,0,0
MP-SC-1111,00,1,1,1,0,0,0
MP-SC-1111,01,1,1,1,0,0,0
MP-SC-1111,10,1,0,0,1,1,0
MP-SC-1111,11,1,1,1,0,0,0
SB-RA-0000,00,1,1,1,0,0,0
SB-RA-0000,01,1,1,1,0,0,0
SB-RA-0000,10,1,1,1,0,0,0
SB-RA-0000,11,1,1,1,0,0,0
SB-RA-0001,00,1,1,1,0,0,0
SB-RA-0001,01,1,1,1,0,0,0
SB-RA-0001,10,1,1,1,0,0,0
SB-RA-0001,11,1,1,1,0,0,0
SB-RA-0010,00,1,1,1,0,0,0
SB-RA-0010,01,1,1,1,0,0,0
SB-RA-0010,10,1,1,1,0,0,0
SB-RA-0010,11,1,1,1,0,0,0
SB-RA-0011,00,1,1,1,0,0,0
SB-RA-0011,01,1,1,1,0,0,0
SB-RA-0011,10,1,1,1,0,0,0
SB-RA-0011,11,1,1,1,0,0,0
SB-RA-0100,00,1,1,1,0,0,0
SB-RA-0100,01,1,1,1,0,0,0
SB-RA-0100,10,1,1,1,0,0,0
SB-RA-0100,11,1,1,1,0,0,0
SB-RA-0101,00,1,1,1,0,0,0
SB-RA-0101,01,1,1,1,0,0,0
SB-RA-0101,10,1,1,1,0,0,0
SB-RA-0101,11,1,1,1,0,0,0
SB-RA-0110,00,1,1,1,0,0,0
SB-RA-0110,01,1,1,1,0,0,0
SB-RA-0110,10,1,1,1,0,0,0
SB-RA-0110,11,1,1,1,0,0,0
SB-RA-0111,00,1,1,1,0,0,0
SB-RA-0111,01,1,1,1,0,0,0
SB-RA-0111,10,1,1,1,0,0,0
SB-RA-0111,11,1,1,1,0,0,0
SB-RA-1000,00,1,1,1,0,0,0
SB-RA-1000,01,1,1,1,0,0,0
SB-RA-1000,10,1,1,1,0,0,0
SB-RA-1000,11,1,1,1,0,0,0
SB-RA-1001,00,1,1,1,0,0,0
SB-RA-1001,01,1,1,1,0,0,0
SB-RA-1001,10,1,1,1,0,0,0
SB-RA-1001,11,1,1,1,0,0,0
SB-RA-1010,00,1,1,1,0,0,0
SB-RA-1010,01,1,1,1,0,0,0
SB-RA-1010,10,1,1,1,0,0,0
SB-RA-1010,11,1,1,1,0,0,0
SB-RA-1011,00,1,1,1,0,0,0
SB-RA-1011,01,1,1,1,0,0,0
SB-RA-1011,10,1,1,1,0,0,0
SB-RA-1011,11,1,1,1,0,0,0
SB-RA-1100,00,1,1,1,0,0,0
SB-RA-1100,01,1,1,1,0,0,0
SB-RA-1100,10,1,1,1,0,0,0
SB-RA-1100,11,1,1,1,0,0,0
SB-RA-1101,00,1,1,1,0,0,0
SB-RA-1101,01,1,1,1,0,0,0
SB-RA-1101,10,1,1,1,0,0,0
SB-RA-1101,11,1,1,1,0,0,0
SB-RA-1110,00,1,1,1,0,0,0
SB-RA-1110,01,1,1,1,0,0,0
SB-RA-1110,10,1,1,1,0,0,0
SB-RA-1110,11,1,1,1,0,0,0
SB-RA-1111,00,1,1,1,0,0,0
SB-RA-1111,01,1,1,1,0,0,0
SB-RA-1111,10,1,1,1,0,0,0
SB-RA-1111,11,1,1,1,0,0,0
SB-SC-0001,00,1,1,1,0,0,0
SB-SC-0001,01,1,1,1,0,0,0
SB-SC-0001,10,1,1,1,0,0,0
SB-SC-0001,11,1,1,1,0,0,0
SB-SC-0010,00,1,1,1,0,0,0
SB-SC-0010,01,1,1,1,0,0,0
SB-SC-0010,10,1,1,1,0,0,0
SB-SC-0010,11,1,1,1,0,0,0
SB-SC-0011,00,1,1,1,0,0,0
SB-SC-0011,01,1,1,1,0,0,0
SB-SC-0011,10,1,1,1,0,0,0
SB-SC-0011,11,1,1,1,0,0,0
SB-SC-0100,00,1,1,1,0,0,0
SB-SC-0100,01,1,1,1,0,0,0
SB-SC-0100,10,1,1,1,0,0,0
SB-SC-0100,11,1,1,1,0,0,0
SB-SC-0101,00,1,1,1,0,0,0
SB-SC-0101,01,1,1,1,0,0,0
SB-SC-0101,10,1,1,1,0,0,0
SB-SC-0101,11,1,1,1,0,0,0
SB-SC-0110,00,1,1,1,0,0,0
SB-SC-0110,01,1,1,1,0,0,0
SB-SC-0110,10,1,1,1,0,0,0
SB-SC-0110,11,1,1,1,0,0,0
SB-SC-0111,00,1,1,1,0,0,0
SB-SC-0111,01,1,1,1,0,0,0
SB-SC-0111,10,1,1,1,0,0,0
SB-SC-0111,11,1,1,1,0,0,0
SB-SC-1000,00,1,1,1,0,0,0
SB-SC-1000,01,1,1,1,0,0,0
SB-SC-1000,10,1,1,1,0,0,0
SB-SC-1000,11,1,1,1,0,0,0
SB-SC-1001,00,1,1,1,0,0,0
SB-SC-1001,01,1,1,1,0,0,0
SB-SC-1001,10,1,1,1,0,0,0
SB-SC-1001,11,1,1,1,0,0,0
SB-SC-1010,00,1,1,1,0,0,0
SB-SC-1010,01,1,1,1,0,0,0
SB-SC-1010,10,1,1,1,0,0,0
SB-SC-1010,11,1,1,1,0,0,0
SB-SC-1011,00,1,1,1,0,0,0
SB-SC-1011,01,1,1,1,0,0,0
SB-SC-1011,10,1,1,1,0,0,0
SB-SC-1011,11,1,1,1,0,0,0
SB-SC-1100,00,1,1,1,0,0,0
SB-SC-1100,01,1,1,1,0,0,0
SB-SC-1100,10,1,1,1,0,0,0
SB-SC-1100,11,1,1,1,0,0,0
SB-SC-1101,00,1,1,1,0,0,0
SB-SC-1101,01,1,1,1,0,0,0
SB-SC-1101,10,1,1,1,0,0,0
SB-SC-1101,11,1,1,1,0,0,0
SB-SC-1110,00,1,1,1,0,0,0
SB-SC-1110,01,1,1,1,0,0,0
SB-SC-1110,10,1,1,1,0,0,0
SB-SC-1110,11,1,1,1,0,0,0
SB-SC-1111,00,1,0,0,0,1,0
SB-SC-1111,01,1,1,1,0,0,0
SB-SC-1111,10,1,1,1,0,0,0
SB-SC-1111,11,1,1,1,0,0,0
WRC-RA-00000,000,1,1,1,0,0,0
WRC-RA-00000,001,1,1,1,0,0,0
WRC-RA-00000,010,1,1,1,0,0,0
WRC-RA-00000,011,1,1,1,0,0,0
WRC-RA-00000,100,1,1,1,0,0,0
WRC-RA-00000,101,1,1,1,0,0,0
WRC-RA-00000,110,1,1,1,0,0,0
WRC-RA-00000,111,1,1,1,0,0,0
WRC-RA-00001,000,1,1,1,0,0,0
WRC-RA-00001,001,1,1,1,0,0,0
WRC-RA-00001,010,1,1,1,0,0,0
WRC-RA-00001,011,1,1,1,0,0,0
WRC-RA-00001,100,1,1,1,0,0,0
WRC-RA-00001,101,1,1,1,0,0,0
WRC-RA-00001,110,1,1,1,0,0,0
WRC-RA-00001,111,1,1,1,0,0,0
WRC-RA-00010,000,1,1,1,0,0,0
WRC-RA-00010,001,1,1,1,0,0,0
WRC-RA-00010,010,1,1,1,0,0,0
WRC-RA-00010,011,1,1,1,0,0,0
WRC-RA-00010,100,1,1,1,0,0,0
WRC-RA-00010,101,1,1,1,0,0,0
WRC-RA-00010,110,1,1,1,0,0,0
WRC-RA-00010,111,1,1,1,0,0,0
WRC-RA-00011,000,1,1,1,0,0,0
WRC-RA-00011,001,1,1,1,0,0,0
WRC-RA-00011,010,1,1,1,0,0,0
WRC-RA-00011,011,1,1,1,0,0,0
WRC-RA-00011,100,1,1,1,0,0,0
WRC-RA-00011,101,1,1,1,0,0,0
WRC-RA-00011,110,1,1,1,0,0,0
WRC-RA-00011,111,1,1,1,0,0,0
WRC-RA-00100,000,1,1,1,0,0,0
WRC-RA-00100,001,1,1,1,0,0,0
WRC-RA-00100,010,1,1,1,0,0,0
WRC-RA-00100,011,1,1,1,0,0,0
WRC-RA-00100,100,1,1,1,0,0,0
WRC-RA-00100,101,1,1,1,0,0,0
WRC-RA-00100,110,1,1,1,0,0,0
WRC-RA-00100,111,1,1,1,0,0,0
WRC-RA-00101,000,1,1,1,0,0,0
WRC-RA-00101,001,1,1,1,0,0,0
WRC-RA-00101,010,1,1,1,0,0,0
WRC-RA-00101,011,1,1,1,0,0,0
WRC-RA-00101,100,1,1,1,0,0,0
WRC-RA-00101,101,1,1,1,0,0,0
WRC-RA-00101,110,1,1,1,0,0,0
WRC-RA-00101,111,1,1,1,0,0,0
WRC-RA-00110,000,1,1,1,0,0,0
WRC-RA-00110,001,1,1,1,0,0,0
WRC-RA-00110,010,1,1,1,0,0,0
WRC-RA-00110,011,1,1,1,0,0,0
WRC-RA-00110,100,1,1,1,0,0,0
WRC-RA-00110,101,1,1,1,0,0,0
WRC-RA-00110,110,1,0,0,1,0,0
WRC-RA-00110,111,1,1,1,0,0,0
WRC-RA-00111,000,1,1,1,0,0,0
WRC-RA-00111,001,1,1,1,0,0,0
WRC-RA-00111,010,1,1,1,0,0,0
WRC-RA-00111,011,1,1,1,0,0,0
WRC-RA-00111,100,1,1,1,0,0,0
WRC-RA-00111,101,1,1,1,0,0,0
WRC-RA-00111,110,1,0,0,1,0,0
WRC-RA-00111,111,1,1,1,0,0,0
WRC-RA-01000,000,1,1,1,0,0,0
WRC-RA-01000,001,1,1,1,0,0,0
WRC-RA-01000,010,1,1,1,0,0,0
WRC-RA-01000,011,1,1,1,0,0,0
WRC-RA-01000,100,1,1,1,0,0,0
WRC-RA-01000,101,1,1,1,0,0,0
WRC-RA-01000,110,1,1,1,0,0,0
WRC-RA-01000,111,1,1,1,0,0,0
WRC-RA-01001,000,1,1,1,0,0,0
WRC-RA-01001,001,1,1,1,0,0,0
WRC-RA-01001,010,1,1,1,0,0,0
WRC-RA-01001,011,1,1,1,0,0,0
WRC-RA-01001,100,1,1,1,0,0,0
WRC-RA-01001,101,1,1,1,0,0,0
WRC-RA-01001,110,1,1,1,0,0,0
WRC-RA-01001,111,1,1,1,0,0,0
WRC-RA-01010,000,1,1,1,0,0,0
WRC-RA-01010,001,1,1,1,0,0,0
WRC-RA-01010,010,1,1,1,0,0,0
WRC-RA-01010,011,1,1,1,0,0,0
WRC-RA-01010,100,1,1,1,0,0,0
WRC-RA-01010,101,1,1,1,0,0,0
WRC-RA-01010,110,1,1,1,0,0,0
WRC-RA-01010,111,1,1,1,0,0,0
WRC-RA-01011,000,1,1,1,0,0,0
WRC-RA-01011,001,1,1,1,0,0,0
WRC-RA-01011,010,1,1,1,0,0,0
WRC-RA-01011,011,1,1,1,0,0,0
WRC-RA-01011,100,1,1,1,0,0,0
WRC-RA-01011,101,1,1,1,0,0,0
WRC-RA-01011,110,1,1,1,0,0,0
WRC-RA-01011,111,1,1,1,0,0,0
WRC-RA-01100,000,1,1,1,0,0,0
WRC-RA-01100,001,1,1,1,0,0,0
WRC-RA-01100,010,1,1,1,0,0,0
WRC-RA-01100,011,1,1,1,0,0,0
WRC-RA-01100,100,1,1,1,0,0,0
WRC-RA-01100,101,1,1,1,0,0,0
WRC-RA-01100,110,1,1,1,0,0,0
WRC-RA-01100,111,1,1,1,0,0,0
WRC-RA-01101,000,1,1,1,0,0,0
WRC-RA-01101,001,1,1,1,0,0,0
WRC-RA-01101,010,1,1,1,0,0,0
WRC-RA-01101,011,1,1,1,0,0,0
WRC-RA-01101,100,1,1,1,0,0,0
WRC-RA-01101,101,1,1,1,0,0,0
WRC-RA-01101,110,1,1,1,0,0,0
WRC-RA-01101,111,1,1,1,0,0,0
WRC-RA-01110,000,1,1,1,0,0,0
WRC-RA-01110,001,1,1,1,0,0,0
WRC-RA-01110,010,1,1,1,0,0,0
WRC-RA-01110,011,1,1,1,0,0,0
WRC-RA-01110,100,1,1,1,0,0,0
WRC-RA-01110,101,1,1,1,0,0,0
WRC-RA-01110,110,1,0,0,1,0,0
WRC-RA-01110,111,1,1,1,0,0,0
WRC-RA-01111,000,1,1,1,0,0,0
WRC-RA-01111,001,1,1,1,0,0,0
WRC-RA-01111,010,1,1,1,0,0,0
WRC-RA-01111,011,1,1,1,0,0,0
WRC-RA-01111,100,1,1,1,0,0,0
WRC-RA-01111,101,1,1,1,0,0,0
WRC-RA-01111,110,1,0,0,1,0,0
WRC-RA-01111,111,1,1,1,0,0,0
WRC-RA-10000,000,1,1,1,0,0,0
WRC-RA-10000,001,1,1,1,0,0,0
WRC-RA-10000,010,1,1,1,0,0,0
WRC-RA-10000,011,1,1,1,0,0,0
WRC-RA-10000,100,1,1,1,0,0,0
WRC-RA-10000,101,1,1,1,0,0,0
WRC-RA-10000,110,1,1,1,0,0,0
WRC-RA-10000,111,1,1,1,0,0,0
WRC-RA-10001,000,1,1,1,0,0,0
WRC-RA-10001,001,1,1,1,0,0,0
WRC-RA-10001,010,1,1,1,0,0,0
WRC-RA-10001,011,1,1,1,0,0,0
WRC-RA-10001,100,1,1,1,0,0,0
WRC-RA-10001,101,1,1,1,0,0,0
WRC-RA-10001,110,1,1,1,0,0,0
WRC-RA-10001,111,1,1,1,0,0,0
WRC-RA-10010,000,1,1,1,0,0,0
WRC-RA-10010,001,1,1,1,0,0,0
WRC-RA-10010,010,1,1,1,0,0,0
WRC-RA-10010,011,1,1,1,0,0,0
WRC-RA-10010,100,1,1,1,0,0,0
WRC-RA-10010,101,1,1,1,0,0,0
WRC-RA-10010,110,1,1,1,0,0,0
WRC-RA-10010,111,1,1,1,0,0,0
WRC-RA-10011,000,1,1,1,0,0,0
WRC-RA-10011,001,1,1,1,0,0,0
WRC-RA-10011,010,1,1,1,0,0,0
WRC-RA-10011,011,1,1,1,0,0,0
WRC-RA-10011,100,1,1,1,0,0,0
WRC-RA-10011,101,1,1,1,0,0,0
WRC-RA-10011,110,1,1,1,0,0,0
WRC-RA-10011,111,1,1,1,0,0,0
WRC-RA-10100,000,1,1,1,0,0,0
WRC-RA-10100,001,1,1,1,0,0,0
WRC-RA-10100,010,1,1,1,0,0,0
WRC-RA-10100,011,1,1,1,0,0,0
WRC-RA-10100,100,1,1,1,0,0,0
WRC-RA-10100,101,1,1,1,0,0,0
WRC-RA-10100,110,1,1,1,0,0,0
WRC-RA-10100,111,1,1,1,0,0,0
WRC-RA-10101,000,1,1,1,0,0,0
WRC-RA-10101,001,1,1,1,0,0,0
WRC-RA-10101,010,1,1,1,0,0,0
WRC-RA-10101,011,1,1,1,0,0,0
WRC-RA-10101,100,1,1,1,0,0,0
WRC-RA-10101,101,1,1,1,0,0,0
WRC-RA-10101,110,1,1,1,0,0,0
WRC-RA-10101,111,1,1,1,0,0,0
WRC-RA-10110,000,1,1,1,0,0,0
WRC-RA-10110,001,1,1,1,0,0,0
WRC-RA-10110,010,1,1,1,0,0,0
WRC-RA-10110,011,1,1,1,0,0,0
WRC-RA-10110,100,1,1,1,0,0,0
WRC-RA-10110,101,1,1,1,0,0,0
WRC-RA-10110,110,1,0,0,1,0,0
WRC-RA-10110,111,1,1,1,0,0,0
WRC-RA-10111,000,1,1,1,0,0,0
WRC-RA-10111,001,1,1,1,0,0,0
WRC-RA-10111,010,1,1,1,0,0,0
WRC-RA-10111,011,1,1,1,0,0,0
WRC-RA-10111,100,1,1,1,0,0,0
WRC-RA-10111,101,1,1,1,0,0,0
WRC-RA-10111,110,1,0,0,1,0,0
WRC-RA-10111,111,1,1,1,0,0,0
WRC-RA-11000,000,1,1,1,0,0,0
WRC-RA-11000,001,1,1,1,0,0,0
WRC-RA-11000,010,1,1,1,0,0,0
WRC-RA-11000,011,1,1,1,0,0,0
WRC-RA-11000,100,1,1,1,0,0,0
WRC-RA-11000,101,1,1,1,0,0,0
WRC-RA-11000,110,1,1,1,0,0,0
WRC-RA-11000,111,1,1,1,0,0,0
WRC-RA-11001,000,1,1,1,0,0,0
WRC-RA-11001,001,1,1,1,0,0,0
WRC-RA-11001,010,1,1,1,0,0,0
WRC-RA-11001,011,1,1,1,0,0,0
WRC-RA-11001,100,1,1,1,0,0,0
WRC-RA-11001,101,1,1,1,0,0,0
WRC-RA-11001,110,1,1,1,0,0,0
WRC-RA-11001,111,1,1,1,0,0,0
WRC-RA-11010,000,1,1,1,0,0,0
WRC-RA-11010,001,1,1,1,0,0,0
WRC-RA-11010,010,1,1,1,0,0,0
WRC-RA-11010,011,1,1,1,0,0,0
WRC-RA-11010,100,1,1,1,0,0,0
WRC-RA-11010,101,1,1,1,0,0,0
WRC-RA-11010,110,1,1,1,0,0,0
WRC-RA-11010,111,1,1,1,0,0,0
WRC-RA-11011,000,1,1,1,0,0,0
WRC-RA-11011,001,1,1,1,0,0,0
WRC-RA-11011,010,1,1,1,0,0,0
WRC-RA-11011,011,1,1,1,0,0,0
WRC-RA-11011,100,1,1,1,0,0,0
WRC-RA-11011,101,1,1,1,0,0,0
WRC-RA-11011,110,1,1,1,0,0,0
WRC-RA-11011,111,1,1,1,0,0,0
WRC-RA-11100,000,1,1,1,0,0,0
WRC-RA-11100,001,1,1,1,0,0,0
WRC-RA-11100,010,1,1,1,0,0,0
WRC-RA-11100,011,1,1,1,0,0,0
WRC-RA-11100,100,1,1,1,0,0,0
WRC-RA-11100,101,1,1,1,0,0,0
WRC-RA-11100,110,1,1,1,0,0,0
WRC-RA-11100,111,1,1,1,0,0,0
WRC-RA-11101,000,1,1,1,0,0,0
WRC-RA-11101,001,1,1,1,0,0,0
WRC-RA-11101,010,1,1,1,0,0,0
WRC-RA-11101,011,1,1,1,0,0,0
WRC-RA-11101,100,1,1,1,0,0,0
WRC-RA-11101,101,1,1,1,0,0,0
WRC-RA-11101,110,1,1,1,0,0,0
WRC-RA-11101,111,1,1,1,0,0,0
WRC-RA-11110,000,1,1,1,0,0,0
WRC-RA-11110,001,1,1,1,0,0,0
WRC-RA-11110,010,1,1,1,0,0,0
WRC-RA-11110,011,1,1,1,0,0,0
WRC-RA-11110,100,1,1,1,0,0,0
WRC-RA-11110,101,1,1,1,0,0,0
WRC-RA-11110,110,1,0,0,1,0,0
WRC-RA-11110,111,1,1,1,0,0,0
WRC-RA-11111,000,1,1,1,0,0,0
WRC-RA-11111,001,1,1,1,0,0,0
WRC-RA-11111,010,1,1,1,0,0,0
WRC-RA-11111,011,1,1,1,0,0,0
WRC-RA-11111,100,1,1,1,0,0,0
WRC-RA-11111,101,1,1,1,0,0,0
WRC-RA-11111,110,1,0,0,1,0,0
WRC-RA-11111,111,1,1,1,0,0,0
WRC-SC-00001,000,1,1,1,0,0,0
WRC-SC-00001,001,1,1,1,0,0,0
WRC-SC-00001,010,1,1,1,0,0,0
WRC-SC-00001,011,1,1,1,0,0,0
WRC-SC-00001,100,1,1,1,0,0,0
WRC-SC-00001,101,1,1,1,0,0,0
WRC-SC-00001,110,1,1,1,0,0,0
WRC-SC-00001,111,1,1,1,0,0,0
WRC-SC-00010,000,1,1,1,0,0,0
WRC-SC-00010,001,1,1,1,0,0,0
WRC-SC-00010,010,1,1,1,0,0,0
WRC-SC-00010,011,1,1,1,0,0,0
WRC-SC-00010,100,1,1,1,0,0,0
WRC-SC-00010,101,1,1,1,0,0,0
WRC-SC-00010,110,1,1,1,0,0,0
WRC-SC-00010,111,1,1,1,0,0,0
WRC-SC-00011,000,1,1,1,0,0,0
WRC-SC-00011,001,1,1,1,0,0,0
WRC-SC-00011,010,1,1,1,0,0,0
WRC-SC-00011,011,1,1,1,0,0,0
WRC-SC-00011,100,1,1,1,0,0,0
WRC-SC-00011,101,1,1,1,0,0,0
WRC-SC-00011,110,1,1,1,0,0,0
WRC-SC-00011,111,1,1,1,0,0,0
WRC-SC-00100,000,1,1,1,0,0,0
WRC-SC-00100,001,1,1,1,0,0,0
WRC-SC-00100,010,1,1,1,0,0,0
WRC-SC-00100,011,1,1,1,0,0,0
WRC-SC-00100,100,1,1,1,0,0,0
WRC-SC-00100,101,1,1,1,0,0,0
WRC-SC-00100,110,1,1,1,0,0,0
WRC-SC-00100,111,1,1,1,0,0,0
WRC-SC-00101,000,1,1,1,0,0,0
WRC-SC-00101,001,1,1,1,0,0,0
WRC-SC-00101,010,1,1,1,0,0,0
WRC-SC-00101,011,1,1,1,0,0,0
WRC-SC-00101,100,1,1,1,0,0,0
WRC-SC-00101,101,1,1,1,0,0,0
WRC-SC-00101,110,1,1,1,0,0,0
WRC-SC-00101,111,1,1,1,0,0,0
WRC-SC-00110,000,1,1,1,0,0,0
WRC-SC-00110,001,1,1,1,0,0,0
WRC-SC-00110,010,1,1,1,0,0,0
WRC-SC-00110,011,1,1,1,0,0,0
WRC-SC-00110,100,1,1,1,0,0,0
WRC-SC-00110,101,1,1,1,0,0,0
WRC-SC-00110,110,1,0,0,1,0,0
WRC-SC-00110,111,1,1,1,0,0,0
WRC-SC-00111,000,1,1,1,0,0,0
WRC-SC-00111,001,1,1,1,0,0,0
WRC-SC-00111,010,1,1,1,0,0,0
WRC-SC-00111,011,1,1,1,0,0,0
WRC-SC-00111,100,1,1,1,0,0,0
WRC-SC-00111,101,1,1,1,0,0,0
WRC-SC-00111,110,1,0,0,1,0,0
WRC-SC-00111,111,1,1,1,0,0,0
WRC-SC-01000,000,1,1,1,0,0,0
WRC-SC-01000,001,1,1,1,0,0,0
WRC-SC-01000,010,1,1,1,0,0,0
WRC-SC-01000,011,1,1,1,0,0,0
WRC-SC-01000,100,1,1,1,0,0,0
WRC-SC-01000,101,1,1,1,0,0,0
WRC-SC-01000,110,1,1,1,0,0,0
WRC-SC-01000,111,1,1,1,0,0,0
WRC-SC-01001,000,1,1,1,0,0,0
WRC-SC-01001,001,1,1,1,0,0,0
WRC-SC-01001,010,1,1,1,0,0,0
WRC-SC-01001,011,1,1,1,0,0,0
WRC-SC-01001,100,1,1,1,0,0,0
WRC-SC-01001,101,1,1,1,0,0,0
WRC-SC-01001,110,1,1,1,0,0,0
WRC-SC-01001,111,1,1,1,0,0,0
WRC-SC-01010,000,1,1,1,0,0,0
WRC-SC-01010,001,1,1,1,0,0,0
WRC-SC-01010,010,1,1,1,0,0,0
WRC-SC-01010,011,1,1,1,0,0,0
WRC-SC-01010,100,1,1,1,0,0,0
WRC-SC-01010,101,1,1,1,0,0,0
WRC-SC-01010,110,1,1,1,0,0,0
WRC-SC-01010,111,1,1,1,0,0,0
WRC-SC-01011,000,1,1,1,0,0,0
WRC-SC-01011,001,1,1,1,0,0,0
WRC-SC-01011,010,1,1,1,0,0,0
WRC-SC-01011,011,1,1,1,0,0,0
WRC-SC-01011,100,1,1,1,0,0,0
WRC-SC-01011,101,1,1,1,0,0,0
WRC-SC-01011,110,1,1,1,0,0,0
WRC-SC-01011,111,1,1,1,0,0,0
WRC-SC-01100,000,1,1,1,0,0,0
WRC-SC-01100,001,1,1,1,0,0,0
WRC-SC-01100,010,1,1,1,0,0,0
WRC-SC-01100,011,1,1,1,0,0,0
WRC-SC-01100,100,1,1,1,0,0,0
WRC-SC-01100,101,1,1,1,0,0,0
WRC-SC-01100,110,1,1,1,0,0,0
WRC-SC-01100,111,1,1,1,0,0,0
WRC-SC-01101,000,1,1,1,0,0,0
WRC-SC-01101,001,1,1,1,0,0,0
WRC-SC-01101,010,1,1,1,0,0,0
WRC-SC-01101,011,1,1,1,0,0,0
WRC-SC-01101,100,1,1,1,0,0,0
WRC-SC-01101,101,1,1,1,0,0,0
WRC-SC-01101,110,1,1,1,0,0,0
WRC-SC-01101,111,1,1,1,0,0,0
WRC-SC-01110,000,1,1,1,0,0,0
WRC-SC-01110,001,1,1,1,0,0,0
WRC-SC-01110,010,1,1,1,0,0,0
WRC-SC-01110,011,1,1,1,0,0,0
WRC-SC-01110,100,1,1,1,0,0,0
WRC-SC-01110,101,1,1,1,0,0,0
WRC-SC-01110,110,1,0,0,1,0,0
WRC-SC-01110,111,1,1,1,0,0,0
WRC-SC-01111,000,1,1,1,0,0,0
WRC-SC-01111,001,1,1,1,0,0,0
WRC-SC-01111,010,1,1,1,0,0,0
WRC-SC-01111,011,1,1,1,0,0,0
WRC-SC-01111,100,1,1,1,0,0,0
WRC-SC-01111,101,1,1,1,0,0,0
WRC-SC-01111,110,1,0,0,1,0,0
WRC-SC-01111,111,1,1,1,0,0,0
WRC-SC-10000,000,1,1,1,0,0,0
WRC-SC-10000,001,1,1,1,0,0,0
WRC-SC-10000,010,1,1,1,0,0,0
WRC-SC-10000,011,1,1,1,0,0,0
WRC-SC-10000,100,1,1,1,0,0,0
WRC-SC-10000,101,1,1,1,0,0,0
WRC-SC-10000,110,1,1,1,0,0,0
WRC-SC-10000,111,1,1,1,0,0,0
WRC-SC-10001,000,1,1,1,0,0,0
WRC-SC-10001,001,1,1,1,0,0,0
WRC-SC-10001,010,1,1,1,0,0,0
WRC-SC-10001,011,1,1,1,0,0,0
WRC-SC-10001,100,1,1,1,0,0,0
WRC-SC-10001,101,1,1,1,0,0,0
WRC-SC-10001,110,1,1,1,0,0,0
WRC-SC-10001,111,1,1,1,0,0,0
WRC-SC-10010,000,1,1,1,0,0,0
WRC-SC-10010,001,1,1,1,0,0,0
WRC-SC-10010,010,1,1,1,0,0,0
WRC-SC-10010,011,1,1,1,0,0,0
WRC-SC-10010,100,1,1,1,0,0,0
WRC-SC-10010,101,1,1,1,0,0,0
WRC-SC-10010,110,1,1,1,0,0,0
WRC-SC-10010,111,1,1,1,0,0,0
WRC-SC-10011,000,1,1,1,0,0,0
WRC-SC-10011,001,1,1,1,0,0,0
WRC-SC-10011,010,1,1,1,0,0,0
WRC-SC-10011,011,1,1,1,0,0,0
WRC-SC-10011,100,1,1,1,0,0,0
WRC-SC-10011,101,1,1,1,0,0,0
WRC-SC-10011,110,1,1,1,0,0,0
WRC-SC-10011,111,1,1,1,0,0,0
WRC-SC-10100,000,1,1,1,0,0,0
WRC-SC-10100,001,1,1,1,0,0,0
WRC-SC-10100,010,1,1,1,0,0,0
WRC-SC-10100,011,1,1,1,0,0,0
WRC-SC-10100,100,1,1,1,0,0,0
WRC-SC-10100,101,1,1,1,0,0,0
WRC-SC-10100,110,1,1,1,0,0,0
WRC-SC-10100,111,1,1,1,0,0,0
WRC-SC-10101,000,1,1,1,0,0,0
WRC-SC-10101,001,1,1,1,0,0,0
WRC-SC-10101,010,1,1,1,0,0,0
WRC-SC-10101,011,1,1,1,0,0,0
WRC-SC-10101,100,1,1,1,0,0,0
WRC-SC-10101,101,1,1,1,0,0,0
WRC-SC-10101,110,1,1,1,0,0,0
WRC-SC-10101,111,1,1,1,0,0,0
WRC-SC-10110,000,1,1,1,0,0,0
WRC-SC-10110,001,1,1,1,0,0,0
WRC-SC-10110,010,1,1,1,0,0,0
WRC-SC-10110,011,1,1,1,0,0,0
WRC-SC-10110,100,1,1,1,0,0,0
WRC-SC-10110,101,1,1,1,0,0,0
WRC-SC-10110,110,1,0,0,1,0,0
WRC-SC-10110,111,1,1,1,0,0,0
WRC-SC-10111,000,1,1,1,0,0,0
WRC-SC-10111,001,1,1,1,0,0,0
WRC-SC-10111,010,1,1,1,0,0,0
WRC-SC-10111,011,1,1,1,0,0,0
WRC-SC-10111,100,1,1,1,0,0,0
WRC-SC-10111,101,1,1,1,0,0,0
WRC-SC-10111,110,1,0,0,1,0,0
WRC-SC-10111,111,1,1,1,0,0,0
WRC-SC-11000,000,1,1,1,0,0,0
WRC-SC-11000,001,1,1,1,0,0,0
WRC-SC-11000,010,1,1,1,0,0,0
WRC-SC-11000,011,1,1,1,0,0,0
WRC-SC-11000,100,1,1,1,0,0,0
WRC-SC-11000,101,1,1,1,0,0,0
WRC-SC-11000,110,1,1,1,0,0,0
WRC-SC-11000,111,1,1,1,0,0,0
WRC-SC-11001,000,1,1,1,0,0,0
WRC-SC-11001,001,1,1,1,0,0,0
WRC-SC-11001,010,1,1,1,0,0,0
WRC-SC-11001,011,1,1,1,0,0,0
WRC-SC-11001,100,1,1,1,0,0,0
WRC-SC-11001,101,1,1,1,0,0,0
WRC-SC-11001,110,1,1,1,0,0,0
WRC-SC-11001,111,1,1,1,0,0,0
WRC-SC-11010,000,1,1,1,0,0,0
WRC-SC-11010,001,1,1,1,0,0,0
WRC-SC-11010,010,1,1,1,0,0,0
WRC-SC-11010,011,1,1,1,0,0,0
WRC-SC-11010,100,1,1,1,0,0,0
WRC-SC-11010,101,1,1,1,0,0,0
WRC-SC-11010,110,1,1,1,0,0,0
WRC-SC-11010,111,1,1,1,0,0,0
WRC-SC-11011,000,1,1,1,0,0,0
WRC-SC-11011,001,1,1,1,0,0,0
WRC-SC-11011,010,1,1,1,0,0,0
WRC-SC-11011,011,1,1,1,0,0,0
WRC-SC-11011,100,1,1,1,0,0,0
WRC-SC-11011,101,1,1,1,0,0,0
WRC-SC-11011,110,1,1,1,0,0,0
WRC-SC-11011,111,1,1,1,0,0,0
WRC-SC-11100,000,1,1,1,0,0,0
WRC-SC-11100,001,1,1,1,0,0,0
WRC-SC-11100,010,1,1,1,0,0,0
WRC-SC-11100,011,1,1,1,0,0,0
WRC-SC-11100,100,1,1,1,0,0,0
WRC-SC-11100,101,1,1,1,0,0,0
WRC-SC-11100,110,1,1,1,0,0,0
WRC-SC-11100,111,1,1,1,0,0,0
WRC-SC-11101,000,1,1,1,0,0,0
WRC-SC-11101,001,1,1,1,0,0,0
WRC-SC-11101,010,1,1,1,0,0,0
WRC-SC-11101,011,1,1,1,0,0,0
WRC-SC-11101,100,1,1,1,0,0,0
WRC-SC-11101,101,1,1,1,0,0,0
WRC-SC-11101,110,1,1,1,0,0,0
WRC-SC-11101,111,1,1,1,0,0,0
WRC-SC-11110,000,1,1,1,0,0,0
WRC-SC-11110,001,1,1,1,0,0,0
WRC-SC-11110,010,1,1,1,0,0,0
WRC-SC-11110,011,1,1,1,0,0,0
WRC-SC-11110,100,1,1,1,0,0,0
WRC-SC-11110,101,1,1,1,0,0,0
WRC-SC-11110,110,1,0,0,1,0,0
WRC-SC-11110,111,1,1,1,0,0,0
WRC-SC-11111,000,1,1,1,0,0,0
WRC-SC-11111,001,1,1,1,0,0,0
WRC-SC-11111,010,1,1,1,0,0,0
WRC-SC-11111,011,1,1,1,0,0,0
WRC-SC-11111,100,1,1,1,0,0,0
WRC-SC-11111,101,1,1,1,0,0,0
WRC-SC-11111,110,1,0,0,1,1,0
WRC-SC-11111,111,1,1,1,0,0,0
IRIW-RA-000000,0000,1,1,1,0,0,0
IRIW-RA-000000,0001,1,1,1,0,0,0
IRIW-RA-000000,0010,1,1,1,0,0,0
IRIW-RA-000000,0011,1,1,1,0,0,0
IRIW-RA-000000,0100,1,1,1,0,0,0
IRIW-RA-000000,0101,1,1,1,0,0,0
IRIW-RA-000000,0110,1,1,1,0,0,0
IRIW-RA-000000,0111,1,1,1,0,0,0
IRIW-RA-000000,1000,1,1,1,0,0,0
IRIW-RA-000000,1001,1,1,1,0,0,0
IRIW-RA-000000,1010,1,1,1,0,0,0
IRIW-RA-000000,1011,1,1,1,0,0,0
IRIW-RA-000000,1100,1,1,1,0,0,0
IRIW-RA-000000,1101,1,1,1,0,0,0
IRIW-RA-000000,1110,1,1,1,0,0,0
IRIW-RA-000000,1111,1,1,1,0,0,0
IRIW-RA-000001,0000,1,1,1,0,0,0
IRIW-RA-000001,0001,1,1,1,0,0,0
IRIW-RA-000001,0010,1,1,1,0,0,0
IRIW-RA-000001,0011,1,1,1,0,0,0
IRIW-RA-000001,0100,1,1,1,0,0,0
IRIW-RA-000001,0101,1,1,1,0,0,0
IRIW-RA-000001,0110,1,1,1,0,0,0
IRIW-RA-000001,0111,1,1,1,0,0,0
IRIW-RA-000001,1000,1,1,1,0,0,0
IRIW-RA-000001,1001,1,1,1,0,0,0
IRIW-RA-000001,1010,1,1,1,0,0,0
IRIW-RA-000001,1011,1,1,1,0,0,0
IRIW-RA-000001,1100,1,1,1,0,0,0
IRIW-RA-000001,1101,1,1,1,0,0,0
IRIW-RA-000001,1110,1,1,1,0,0,0
IRIW-RA-000001,1111,1,1,1,0,0,0
IRIW-RA-000010,0000,1,1,1,0,0,0
IRIW-RA-000010,0001,1,1,1,0,0,0
IRIW-RA-000010,0010,1,1,1,0,0,0
IRIW-RA-000010,0011,1,1,1,0,0,0
IRIW-RA-000010,0100,1,1,1,0,0,0
IRIW-RA-000010,0101,1,1,1,0,0,0
IRIW-RA-000010,0110,1,1,1,0,0,0
IRIW-RA-000010,0111,1,1,1,0,0,0
IRIW-RA-000010,1000,1,1,1,0,0,0
IRIW-RA-000010,1001,1,1,1,0,0,0
IRIW-RA-000010,1010,1,1,1,0,0,0
IRIW-RA-000010,1011,1,1,1,0,0,0
IRIW-RA-000010,1100,1,1,1,0,0,0
IRIW-RA-000010,1101,1,1,1,0,0,0
IRIW-RA-000010,1110,1,1,1,0,0,0
IRIW-RA-000010,1111,1,1,1,0,0,0
IRIW-RA-000011,0000,1,1,1,0,0,0
IRIW-RA-000011,0001,1,1,1,0,0,0
IRIW-RA-000011,0010,1,1,1,0,0,0
IRIW-RA-000011,0011,1,1,1,0,0,0
IRIW-RA-000011,0100,1,1,1,0,0,0
IRIW-RA-000011,0101,1,1,1,0,0,0
IRIW-RA-000011,0110,1,1,1,0,0,0
IRIW-RA-000011,0111,1,1,1,0,0,0
IRIW-RA-000011,1000,1,1,1,0,0,0
IRIW-RA-000011,1001,1,1,1,0,0,0
IRIW-RA-000011,1010,1,1,1,0,0,0
IRIW-RA-000011,1011,1,1,1,0,0,0
IRIW-RA-000011,1100,1,1,1,0,0,0
IRIW-RA-000011,1101,1,1,1,0,0,0
IRIW-RA-000011,1110,1,1,1,0,0,0
IRIW-RA-000011,1111,1,1,1,0,0,0
IRIW-RA-000100,0000,1,1,1,0,0,0
IRIW-RA-000100,0001,1,1,1,0,0,0
IRIW-RA-000100,0010,1,1,1,0,0,0
IRIW-RA-000100,0011,1,1,1,0,0,0
IRIW-RA-000100,0100,1,1,1,0,0,0
IRIW-RA-000100,0101,1,1,1,0,0,0
IRIW-RA-000100,0110,1,1,1,0,0,0
IRIW-RA-000100,0111,1,1,1,0,0,0
IRIW-RA-000100,1000,1,1,1,0,0,0
IRIW-RA-000100,1001,1,1,1,0,0,0
IRIW-RA-000100,1010,1,1,1,0,0,0
IRIW-RA-000100,1011,1,1,1,0,0,0
IRIW-RA-000100,1100,1,1,1,0,0,0
IRIW-RA-000100,1101,1,1,1,0,0,0
IRIW-RA-000100,1110,1,1,1,0,0,0
IRIW-RA-000100,1111,1,1,1,0,0,0
IRIW-RA-000101,0000,1,1,1,0,0,0
IRIW-RA-000101,0001,1,1,1,0,0,0
IRIW-RA-000101,0010,1,1,1,0,0,0
IRIW-RA-000101,0011,1,1,1,0,0,0
IRIW-RA-000101,0100,1,1,1,0,0,0
IRIW-RA-000101,0101,1,1,1,0,0,0
IRIW-RA-000101,0110,1,1,1,0,0,0
IRIW-RA-000101,0111,1,1,1,0,0,0
IRIW-RA-000101,1000,1,1,1,0,0,0
IRIW-RA-000101,1001,1,1,1,0,0,0
IRIW-RA-000101,1010,1,1,1,0,0,0
IRIW-RA-000101,1011,1,1,1,0,0,0
IRIW-RA-000101,1100,1,1,1,0,0,0
IRIW-RA-000101,1101,1,1,1,0,0,0
IRIW-RA-000101,1110,1,1,1,0,0,0
IRIW-RA-000101,1111,1,1,1,0,0,0
IRIW-RA-000110,0000,1,1,1,0,0,0
IRIW-RA-000110,0001,1,1,1,0,0,0
IRIW-RA-000110,0010,1,1,1,0,0,0
IRIW-RA-000110,0011,1,1,1,0,0,0
IRIW-RA-000110,0100,1,1,1,0,0,0
IRIW-RA-000110,0101,1,1,1,0,0,0
IRIW-RA-000110,0110,1,1,1,0,0,0
IRIW-RA-000110,0111,1,1,1,0,0,0
IRIW-RA-000110,1000,1,1,1,0,0,0
IRIW-RA-000110,1001,1,1,1,0,0,0
IRIW-RA-000110,1010,1,1,1,0,0,0
IRIW-RA-000110,1011,1,1,1,0,0,0
IRIW-RA-000110,1100,1,1,1,0,0,0
IRIW-RA-000110,1101,1,1,1,0,0,0
IRIW-RA-000110,1110,1,1,1,0,0,0
IRIW-RA-000110,1111,1,1,1,0,0,0
IRIW-RA-000111,0000,1,1,1,0,0,0
IRIW-RA-000111,0001,1,1,1,0,0,0
IRIW-RA-000111,0010,1,1,1,0,0,0
IRIW-RA-000111,0011,1,1,1,0,0,0
IRIW-RA-000111,0100,1,1,1,0,0,0
IRIW-RA-000111,0101,1,1,1,0,0,0
IRIW-RA-000111,0110,1,1,1,0,0,0
IRIW-RA-000111,0111,1,1,1,0,0,0
IRIW-RA-000111,1000,1,1,1,0,0,0
IRIW-RA-000111,1001,1,1,1,0,0,0
IRIW-RA-000111,1010,1,1,1,0,0,0
IRIW-RA-000111,1011,1,1,1,0,0,0
IRIW-RA-000111,1100,1,1,1,0,0,0
IRIW-RA-000111,1101,1,1,1,0,0,0
IRIW-RA-000111,1110,1,1,1,0,0,0
IRIW-RA-000111,1111,1,1,1,0,0,0
IRIW-RA-001000,0000,1,1,1,0,0,0
IRIW-RA-001000,0001,1,1,1,0,0,0
IRIW-RA-001000,0010,1,1,1,0,0,0
IRIW-RA-001000,0011,1,1,1,0,0,0
IRIW-RA-001000,0100,1,1,1,0,0,0
IRIW-RA-001000,0101,1,1,1,0,0,0
IRIW-RA-001000,0110,1,1,1,0,0,0
IRIW-RA-001000,0111,1,1,1,0,0,0
IRIW-RA-001000,1000,1,1,1,0,0,0
IRIW-RA-001000,1001,1,1,1,0,0,0
IRIW-RA-001000,1010,1,1,1,0,0,0
IRIW-RA-001000,1011,1,1,1,0,0,0
IRIW-RA-001000,1100,1,1,1,0,0,0
IRIW-RA-001000,1101,1,1,1,0,0,0
IRIW-RA-001000,1110,1,1,1,0,0,0
IRIW-RA-001000,1111,1,1,1,0,0,0
IRIW-RA-001001,0000,1,1,1,0,0,0
IRIW-RA-001001,0001,1,1,1,0,0,0
IRIW-RA-001001,0010,1,1,1,0,0,0
IRIW-RA-001001,0011,1,1,1,0,0,0
IRIW-RA-001001,0100,1,1,1,0,0,0
IRIW-RA-001001,0101,1,1,1,0,0,0
IRIW-RA-001001,0110,1,1,1,0,0,0
IRIW-RA-001001,0111,1,1,1,0,0,0
IRIW-RA-001001,1000,1,1,1,0,0,0
IRIW-RA-001001,1001,1,1,1,0,0,0
IRIW-RA-001001,1010,1,1,1,0,0,0
IRIW-RA-001001,1011,1,1,1,0,0,0
IRIW-RA-001001,1100,1,1,1,0,0,0
IRIW-RA-001001,1101,1,1,1,0,0,0
IRIW-RA-001001,1110,1,1,1,0,0,0
IRIW-RA-001001,1111,1,1,1,0,0,0
IRIW-RA-001010,0000,1,1,1,0,0,0
IRIW-RA-001010,0001,1,1,1,0,0,0
IRIW-RA-001010,0010,1,1,1,0,0,0
IRIW-RA-001010,0011,1,1,1,0,0,0
IRIW-RA-001010,0100,1,1,1,0,0,0
IRIW-RA-001010,0101,1,1,1,0,0,0
IRIW-RA-001010,0110,1,1,1,0,0,0
IRIW-RA-001010,0111,1,1,1,0,0,0
IRIW-RA-001010,1000,1,1,1,0,0,0
IRIW-RA-001010,1001,1,1,1,0,0,0
IRIW-RA-001010,1010,1,1,1,0,0,0
IRIW-RA-001010,1011,1,1,1,0,0,0
IRIW-RA-001010,1100,1,1,1,0,0,0
IRIW-RA-001010,1101,1,1,1,0,0,0
IRIW-RA-001010,1110,1,1,1,0,0,0
IRIW-RA-001010,1111,1,1,1,0,0,0
IRIW-RA-001011,0000,1,1,1,0,0,0
IRIW-RA-001011,0001,1,1,1,0,0,0
IRIW-RA-001011,0010,1,1,1,0,0,0
IRIW-RA-001011,0011,1,1,1,0,0,0
IRIW-RA-001011,0100,1,1,1,0,0,0
IRIW-RA-001011,0101,1,1,1,0,0,0
IRIW-RA-001011,0110,1,1,1,0,0,0
IRIW-RA-001011,0111,1,1,1,0,0,0
IRIW-RA-001011,1000,1,1,1,0,0,0
IRIW-RA-001011,1001,1,1,1,0,0,0
IRIW-RA-001011,1010,1,1,1,0,0,0
IRIW-RA-001011,1011,1,1,1,0,0,0
IRIW-RA-001011,1100,1,1,1,0,0,0
IRIW-RA-001011,1101,1,1,1,0,0,0
IRIW-RA-001011,1110,1,1,1,0,0,0
IRIW-RA-001011,1111,1,1,1,0,0,0
IRIW-RA-001100,0000,1,1,1,0,0,0
IRIW-RA-001100,0001,1,1,1,0,0,0
IRIW-RA-001100,0010,1,1,1,0,0,0
IRIW-RA-001100,0011,1,1,1,0,0,0
IRIW-RA-001100,0100,1,1,1,0,0,0
IRIW-RA-001100,0101,1,1,1,0,0,0
IRIW-RA-001100,0110,1,1,1,0,0,0
IRIW-RA-001100,0111,1,1,1,0,0,0
IRIW-RA-001100,1000,1,1,1,0,0,0
IRIW-RA-001100,1001,1,1,1,0,0,0
IRIW-RA-001100,1010,1,1,1,0,0,0
IRIW-RA-001100,1011,1,1,1,0,0,0
IRIW-RA-001100,1100,1,1,1,0,0,0
IRIW-RA-001100,1101,1,1,1,0,0,0
IRIW-RA-001100,1110,1,1,1,0,0,0
IRIW-RA-001100,1111,1,1,1,0,0,0
IRIW-RA-001101,0000,1,1,1,0,0,0
IRIW-RA-001101,0001,1,1,1,0,0,0
IRIW-RA-001101,0010,1,1,1,0,0,0
IRIW-RA-001101,0011,1,1,1,0,0,0
IRIW-RA-001101,0100,1,1,1,0,0,0
IRIW-RA-001101,0101,1,1,1,0,0,0
IRIW-RA-001101,0110,1,1,1,0,0,0
IRIW-RA-001101,0111,1,1,1,0,0,0
IRIW-RA-001101,1000,1,1,1,0,0,0
IRIW-RA-001101,1001,1,1,1,0,0,0
IRIW-RA-001101,1010,1,1,1,0,0,0
IRIW-RA-001101,1011,1,1,1,0,0,0
IRIW-RA-001101,1100,1,1,1,0,0,0
IRIW-RA-001101,1101,1,1,1,0,0,0
IRIW-RA-001101,1110,1,1,1,0,0,0
IRIW-RA-001101,1111,1,1,1,0,0,0
IRIW-RA-001110,0000,1,1,1,0,0,0
IRIW-RA-001110,0001,1,1,1,0,0,0
IRIW-RA-001110,0010,1,1,1,0,0,0
IRIW-RA-001110,0011,1,1,1,0,0,0
IRIW-RA-001110,0100,1,1,1,0,0,0
IRIW-RA-001110,0101,1,1,1,0,0,0
IRIW-RA-001110,0110,1,1,1,0,0,0
IRIW-RA-001110,0111,1,1,1,0,0,0
IRIW-RA-001110,1000,1,1,1,0,0,0
IRIW-RA-001110,1001,1,1,1,0,0,0
IRIW-RA-001110,1010,1,1,1,0,0,0
IRIW-RA-001110,1011,1,1,1,0,0,0
IRIW-RA-001110,1100,1,1,1,0,0,0
IRIW-RA-001110,1101,1,1,1,0,0,0
IRIW-RA-001110,1110,1,1,1,0,0,0
IRIW-RA-001110,1111,1,1,1,0,0,0
IRIW-RA-001111,0000,1,1,1,0,0,0
IRIW-RA-001111,0001,1,1,1,0,0,0
IRIW-RA-001111,0010,1,1,1,0,0,0
IRIW-RA-001111,0011,1,1,1,0,0,0
IRIW-RA-001111,0100,1,1,1,0,0,0
IRIW-RA-001111,0101,1,1,1,0,0,0
IRIW-RA-001111,0110,1,1,1,0,0,0
IRIW-RA-001111,0111,1,1,1,0,0,0
IRIW-RA-001111,1000,1,1,1,0,0,0
IRIW-RA-001111,1001,1,1,1,0,0,0
IRIW-RA-001111,1010,1,1,1,0,0,0
IRIW-RA-001111,1011,1,1,1,0,0,0
IRIW-RA-001111,1100,1,1,1,0,0,0
IRIW-RA-001111,1101,1,1,1,0,0,0
IRIW-RA-001111,1110,1,1,1,0,0,0
IRIW-RA-001111,1111,1,1,1,0,0,0
IRIW-RA-010000,0000,1,1,1,0,0,0
IRIW-RA-010000,0001,1,1,1,0,0,0
IRIW-RA-010000,0010,1,1,1,0,0,0
IRIW-RA-010000,0011,1,1,1,0,0,0
IRIW-RA-010000,0100,1,1,1,0,0,0
IRIW-RA-010000,0101,1,1,1,0,0,0
IRIW-RA-010000,0110,1,1,1,0,0,0
IRIW-RA-010000,0111,1,1,1,0,0,0
IRIW-RA-010000,1000,1,1,1,0,0,0
IRIW-RA-010000,1001,1,1,1,0,0,0
IRIW-RA-010000,1010,1,1,1,0,0,0
IRIW-RA-010000,1011,1,1,1,0,0,0
IRIW-RA-010000,1100,1,1,1,0,0,0
IRIW-RA-010000,1101,1,1,1,0,0,0
IRIW-RA-010000,1110,1,1,1,0,0,0
IRIW-RA-010000,1111,1,1,1,0,0,0
IRIW-RA-010001,0000,1,1,1,0,0,0
IRIW-RA-010001,0001,1,1,1,0,0,0
IRIW-RA-010001,0010,1,1,1,0,0,0
IRIW-RA-010001,0011,1,1,1,0,0,0
IRIW-RA-010001,0100,1,1,1,0,0,0
IRIW-RA-010001,0101,1,1,1,0,0,0
IRIW-RA-010001,0110,1,1,1,0,0,0
IRIW-RA-010001,0111,1,1,1,0,0,0
IRIW-RA-010001,1000,1,1,1,0,0,0
IRIW-RA-010001,1001,1,1,1,0,0,0
IRIW-RA-010001,1010,1,1,1,0,0,0
IRIW-RA-010001,1011,1,1,1,0,0,0
IRIW-RA-010001,1100,1,1,1,0,0,0
IRIW-RA-010001,1101,1,1,1,0,0,0
IRIW-RA-010001,1110,1,1,1,0,0,0
IRIW-RA-010001,1111,1,1,1,0,0,0
IRIW-RA-010010,0000,1,1,1,0,0,0
IRIW-RA-010010,0001,1,1,1,0,0,0
IRIW-RA-010010,0010,1,1,1,0,0,0
IRIW-RA-010010,0011,1,1,1,0,0,0
IRIW-RA-010010,0100,1,1,1,0,0,0
IRIW-RA-010010,0101,1,1,1,0,0,0
IRIW-RA-010010,0110,1,1,1,0,0,0
IRIW-RA-010010,0111,1,1,1,0,0,0
IRIW-RA-010010,1000,1,1,1,0,0,0
IRIW-RA-010010,1001,1,1,1,0,0,0
IRIW-RA-010010,1010,1,1,1,0,0,0
IRIW-RA-010010,1011,1,1,1,0,0,0
IRIW-RA-010010,1100,1,1,1,0,0,0
IRIW-RA-010010,1101,1,1,1,0,0,0
IRIW-RA-010010,1110,1,1,1,0,0,0
IRIW-RA-010010,1111,1,1,1,0,0,0
IRIW-RA-010011,0000,1,1,1,0,0,0
IRIW-RA-010011,0001,1,1,1,0,0,0
IRIW-RA-010011,0010,1,1,1,0,0,0
IRIW-RA-010011,0011,1,1,1,0,0,0
IRIW-RA-010011,0100,1,1,1,0,0,0
IRIW-RA-010011,0101,1,1,1,0,0,0
IRIW-RA-010011,0110,1,1,1,0,0,0
IRIW-RA-010011,0111,1,1,1,0,0,0
IRIW-RA-010011,1000,1,1,1,0,0,0
IRIW-RA-010011,1001,1,1,1,0,0,0
IRIW-RA-010011,1010,1,1,1,0,0,0
IRIW-RA-010011,1011,1,1,1,0,0,0
IRIW-RA-010011,1100,1,1,1,0,0,0
IRIW-RA-010011,1101,1,1,1,0,0,0
IRIW-RA-010011,1110,1,1,1,0,0,0
IRIW-RA-010011,1111,1,1,1,0,0,0
IRIW-RA-010100,0000,1,1,1,0,0,0
IRIW-RA-010100,0001,1,1,1,0,0,0
IRIW-RA-010100,0010,1,1,1,0,0,0
IRIW-RA-010100,0011,1,1,1,0,0,0
IRIW-RA-010100,0100,1,1,1,0,0,0
IRIW-RA-010100,0101,1,1,1,0,0,0
IRIW-RA-010100,0110,1,1,1,0,0,0
IRIW-RA-010100,0111,1,1,1,0,0,0
IRIW-RA-010100,1000,1,1,1,0,0,0
IRIW-RA-010100,1001,1,1,1,0,0,0
IRIW-RA-010100,1010,1,1,1,0,0,0
IRIW-RA-010100,1011,1,1,1,0,0,0
IRIW-RA-010100,1100,1,1,1,0,0,0
IRIW-RA-010100,1101,1,1,1,0,0,0
IRIW-RA-010100,1110,1,1,1,0,0,0
IRIW-RA-010100,1111,1,1,1,0,0,0
IRIW-RA-010101,0000,1,1,1,0,0,0
IRIW-RA-010101,0001,1,1,1,0,0,0
IRIW-RA-010101,0010,1,1,1,0,0,0
IRIW-RA-010101,0011,1,1,1,0,0,0
IRIW-RA-010101,0100,1,1,1,0,0,0
IRIW-RA-010101,0101,1,1,1,0,0,0
IRIW-RA-010101,0110,1,1,1,0,0,0
IRIW-RA-010101,0111,1,1,1,0,0,0
IRIW-RA-010101,1000,1,1,1,0,0,0
IRIW-RA-010101,1001,1,1,1,0,0,0
IRIW-RA-010101,1010,1,1,1,0,0,0
IRIW-RA-010101,1011,1,1,1,0,0,0
IRIW-RA-010101,1100,1,1,1,0,0,0
IRIW-RA-010101,1101,1,1,1,0,0,0
IRIW-RA-010101,1110,1,1,1,0,0,0
IRIW-RA-010101,1111,1,1,1,0,0,0
IRIW-RA-010110,0000,1,1,1,0,0,0
IRIW-RA-010110,0001,1,1,1,0,0,0
IRIW-RA-010110,0010,1,1,1,0,0,0
IRIW-RA-010110,0011,1,1,1,0,0,0
IRIW-RA-010110,0100,1,1,1,0,0,0
IRIW-RA-010110,0101,1,1,1,0,0,0
IRIW-RA-010110,0110,1,1,1,0,0,0
IRIW-RA-010110,0111,1,1,1,0,0,0
IRIW-RA-010110,1000,1,1,1,0,0,0
IRIW-RA-010110,1001,1,1,1,0,0,0
IRIW-RA-010110,1010,1,1,1,0,0,0
IRIW-RA-010110,1011,1,1,1,0,0,0
IRIW-RA-010110,1100,1,1,1,0,0,0
IRIW-RA-010110,1101,1,1,1,0,0,0
IRIW-RA-010110,1110,1,1,1,0,0,0
IRIW-RA-010110,1111,1,1,1,0,0,0
IRIW-RA-010111,0000,1,1,1,0,0,0
IRIW-RA-010111,0001,1,1,1,0,0,0
IRIW-RA-010111,0010,1,1,1,0,0,0
IRIW-RA-010111,0011,1,1,1,0,0,0
IRIW-RA-010111,0100,1,1,1,0,0,0
IRIW-RA-010111,0101,1,1,1,0,0,0
IRIW-RA-010111,0110,1,1,1,0,0,0
IRIW-RA-010111,0111,1,1,1,0,0,0
IRIW-RA-010111,1000,1,1,1,0,0,0
IRIW-RA-010111,1001,1,1,1,0,0,0
IRIW-RA-010111,1010,1,1,1,0,0,0
IRIW-RA-010111,1011,1,1,1,0,0,0
IRIW-RA-010111,1100,1,1,1,0,0,0
IRIW-RA-010111,1101,1,1,1,0,0,0
IRIW-RA-010111,1110,1,1,1,0,0,0
IRIW-RA-010111,1111,1,1,1,0,0,0
IRIW-RA-011000,0000,1,1,1,0,0,0
IRIW-RA-011000,0001,1,1,1,0,0,0
IRIW-RA-011000,0010,1,1,1,0,0,0
IRIW-RA-011000,0011,1,1,1,0,0,0
IRIW-RA-011000,0100,1,1,1,0,0,0
IRIW-RA-011000,0101,1,1,1,0,0,0
IRIW-RA-011000,0110,1,1,1,0,0,0
IRIW-RA-011000,0111,1,1,1,0,0,0
IRIW-RA-011000,1000,1,1,1,0,0,0
IRIW-RA-011000,1001,1,1,1,0,0,0
IRIW-RA-011000,1010,1,1,1,0,0,0
IRIW-RA-011000,1011,1,1,1,0,0,0
IRIW-RA-011000,1100,1,1,1,0,0,0
IRIW-RA-011000,1101,1,1,1,0,0,0
IRIW-RA-011000,1110,1,1,1,0,0,0
IRIW-RA-011000,1111,1,1,1,0,0,0
IRIW-RA-011001,0000,1,1,1,0,0,0
IRIW-RA-011001,0001,1,1,1,0,0,0
IRIW-RA-011001,0010,1,1,1,0,0,0
IRIW-RA-011001,0011,1,1,1,0,0,0
IRIW-RA-011001,0100,1,1,1,0,0,0
IRIW-RA-011001,0101,1,1,1,0,0,0
IRIW-RA-011001,0110,1,1,1,0,0,0
IRIW-RA-011001,0111,1,1,1,0,0,0
IRIW-RA-011001,1000,1,1,1,0,0,0
IRIW-RA-011001,1001,1,1,1,0,0,0
IRIW-RA-011001,1010,1,1,1,0,0,0
IRIW-RA-011001,1011,1,1,1,0,0,0
IRIW-RA-011001,1100,1,1,1,0,0,0
IRIW-RA-011001,1101,1,1,1,0,0,0
IRIW-RA-011001,1110,1,1,1,0,0,0
IRIW-RA-011001,1111,1,1,1,0,0,0
IRIW-RA-011010,0000,1,1,1,0,0,0
IRIW-RA-011010,0001,1,1,1,0,0,0
IRIW-RA-011010,0010,1,1,1,0,0,0
IRIW-RA-011010,0011,1,1,1,0,0,0
IRIW-RA-011010,0100,1,1,1,0,0,0
IRIW-RA-011010,0101,1,1,1,0,0,0
IRIW-RA-011010,0110,1,1,1,0,0,0
IRIW-RA-011010,0111,1,1,1,0,0,0
IRIW-RA-011010,1000,1,1,1,0,0,0
IRIW-RA-011010,1001,1,1,1,0,0,0
IRIW-RA-011010,1010,1,1,1,0,0,0
IRIW-RA-011010,1011,1,1,1,0,0,0
IRIW-RA-011010,1100,1,1,1,0,0,0
IRIW-RA-011010,1101,1,1,1,0,0,0
IRIW-RA-011010,1110,1,1,1,0,0,0
IRIW-RA-011010,1111,1,1,1,0,0,0
IRIW-RA-011011,0000,1,1,1,0,0,0
IRIW-RA-011011,0001,1,1,1,0,0,0
IRIW-RA-011011,0010,1,1,1,0,0,0
IRIW-RA-011011,0011,1,1,1,0,0,0
IRIW-RA-011011,0100,1,1,1,0,0,0
IRIW-RA-011011,0101,1,1,1,0,0,0
IRIW-RA-011011,0110,1,1,1,0,0,0
IRIW-RA-011011,0111,1,1,1,0,0,0
IRIW-RA-011011,1000,1,1,1,0,0,0
IRIW-RA-011011,1001,1,1,1,0,0,0
IRIW-RA-011011,1010,1,1,1,0,0,0
IRIW-RA-011011,1011,1,1,1,0,0,0
IRIW-RA-011011,1100,1,1,1,0,0,0
IRIW-RA-011011,1101,1,1,1,0,0,0
IRIW-RA-011011,1110,1,1,1,0,0,0
IRIW-RA-011011,1111,1,1,1,0,0,0
IRIW-RA-011100,0000,1,1,1,0,0,0
IRIW-RA-011100,0001,1,1,1,0,0,0
IRIW-RA-011100,0010,1,1,1,0,0,0
IRIW-RA-011100,0011,1,1,1,0,0,0
IRIW-RA-011100,0100,1,1,1,0,0,0
IRIW-RA-011100,0101,1,1,1,0,0,0
IRIW-RA-011100,0110,1,1,1,0,0,0
IRIW-RA-011100,0111,1,1,1,0,0,0
IRIW-RA-011100,1000,1,1,1,0,0,0
IRIW-RA-011100,1001,1,1,1,0,0,0
IRIW-RA-011100,1010,1,1,1,0,0,0
IRIW-RA-011100,1011,1,1,1,0,0,0
IRIW-RA-011100,1100,1,1,1,0,0,0
IRIW-RA-011100,1101,1,1,1,0,0,0
IRIW-RA-011100,1110,1,1,1,0,0,0
IRIW-RA-011100,1111,1,1,1,0,0,0
IRIW-RA-011101,0000,1,1,1,0,0,0
IRIW-RA-011101,0001,1,1,1,0,0,0
IRIW-RA-011101,0010,1,1,1,0,0,0
IRIW-RA-011101,0011,1,1,1,0,0,0
IRIW-RA-011101,0100,1,1,1,0,0,0
IRIW-RA-011101,0101,1,1,1,0,0,0
IRIW-RA-011101,0110,1,1,1,0,0,0
IRIW-RA-011101,0111,1,1,1,0,0,0
IRIW-RA-011101,1000,1,1,1,0,0,0
IRIW-RA-011101,1001,1,1,1,0,0,0
IRIW-RA-011101,1010,1,1,1,0,0,0
IRIW-RA-011101,1011,1,1,1,0,0,0
IRIW-RA-011101,1100,1,1,1,0,0,0
IRIW-RA-011101,1101,1,1,1,0,0,0
IRIW-RA-011101,1110,1,1,1,0,0,0
IRIW-RA-011101,1111,1,1,1,0,0,0
IRIW-RA-011110,0000,1,1,1,0,0,0
IRIW-RA-011110,0001,1,1,1,0,0,0
IRIW-RA-011110,0010,1,1,1,0,0,0
IRIW-RA-011110,0011,1,1,1,0,0,0
IRIW-RA-011110,0100,1,1,1,0,0,0
IRIW-RA-011110,0101,1,1,1,0,0,0
IRIW-RA-011110,0110,1,1,1,0,0,0
IRIW-RA-011110,0111,1,1,1,0,0,0
IRIW-RA-011110,1000,1,1,1,0,0,0
IRIW-RA-011110,1001,1,1,1,0,0,0
IRIW-RA-011110,1010,1,1,1,0,0,0
IRIW-RA-011110,1011,1,1,1,0,0,0
IRIW-RA-011110,1100,1,1,1,0,0,0
IRIW-RA-011110,1101,1,1,1,0,0,0
IRIW-RA-011110,1110,1,1,1,0,0,0
IRIW-RA-011110,1111,1,1,1,0,0,0
IRIW-RA-011111,0000,1,1,1,0,0,0
IRIW-RA-011111,0001,1,1,1,0,0,0
IRIW-RA-011111,0010,1,1,1,0,0,0
IRIW-RA-011111,0011,1,1,1,0,0,0
IRIW-RA-011111,0100,1,1,1,0,0,0
IRIW-RA-011111,0101,1,1,1,0,0,0
IRIW-RA-011111,0110,1,1,1,0,0,0
IRIW-RA-011111,0111,1,1,1,0,0,0
IRIW-RA-011111,1000,1,1,1,0,0,0
IRIW-RA-011111,1001,1,1,1,0,0,0
IRIW-RA-011111,1010,1,1,1,0,0,0
IRIW-RA-011111,1011,1,1,1,0,0,0
IRIW-RA-011111,1100,1,1,1,0,0,0
IRIW-RA-011111,1101,1,1,1,0,0,0
IRIW-RA-011111,1110,1,1,1,0,0,0
IRIW-RA-011111,1111,1,1,1,0,0,0
IRIW-RA-100000,0000,1,1,1,0,0,0
IRIW-RA-100000,0001,1,1,1,0,0,0
IRIW-RA-100000,0010,1,1,1,0,0,0
IRIW-RA-100000,0011,1,1,1,0,0,0
IRIW-RA-100000,0100,1,1,1,0,0,0
IRIW-RA-100000,0101,1,1,1,0,0,0
IRIW-RA-100000,0110,1,1,1,0,0,0
IRIW-RA-100000,0111,1,1,1,0,0,0
IRIW-RA-100000,1000,1,1,1,0,0,0
IRIW-RA-100000,1001,1,1,1,0,0,0
IRIW-RA-100000,1010,1,1,1,0,0,0
IRIW-RA-100000,1011,1,1,1,0,0,0
IRIW-RA-100000,1100,1,1,1,0,0,0
IRIW-RA-100000,1101,1,1,1,0,0,0
IRIW-RA-100000,1110,1,1,1,0,0,0
IRIW-RA-100000,1111,1,1,1,0,0,0
IRIW-RA-100001,0000,1,1,1,0,0,0
IRIW-RA-100001,0001,1,1,1,0,0,0
IRIW-RA-100001,0010,1,1,1,0,0,0
IRIW-RA-100001,0011,1,1,1,0,0,0
IRIW-RA-100001,0100,1,1,1,0,0,0
IRIW-RA-100001,0101,1,1,1,0,0,0
IRIW-RA-100001,0110,1,1,1,0,0,0
IRIW-RA-100001,0111,1,1,1,0,0,0
IRIW-RA-100001,1000,1,1,1,0,0,0
IRIW-RA-100001,1001,1,1,1,0,0,0
IRIW-RA-100001,1010,1,1,1,0,0,0
IRIW-RA-100001,1011,1,1,1,0,0,0
IRIW-RA-100001,1100,1,1,1,0,0,0
IRIW-RA-100001,1101,1,1,1,0,0,0
IRIW-RA-100001,1110,1,1,1,0,0,0
IRIW-RA-100001,1111,1,1,1,0,0,0
IRIW-RA-100010,0000,1,1,1,0,0,0
IRIW-RA-100010,0001,1,1,1,0,0,0
IRIW-RA-100010,0010,1,1,1,0,0,0
IRIW-RA-100010,0011,1,1,1,0,0,0
IRIW-RA-100010,0100,1,1,1,0,0,0
IRIW-RA-100010,0101,1,1,1,0,0,0
IRIW-RA-100010,0110,1,1,1,0,0,0
IRIW-RA-100010,0111,1,1,1,0,0,0
IRIW-RA-100010,1000,1,1,1,0,0,0
IRIW-RA-100010,1001,1,1,1,0,0,0
IRIW-RA-100010,1010,1,1,1,0,0,0
IRIW-RA-100010,1011,1,1,1,0,0,0
IRIW-RA-100010,1100,1,1,1,0,0,0
IRIW-RA-100010,1101,1,1,1,0,0,0
IRIW-RA-100010,1110,1,1,1,0,0,0
IRIW-RA-100010,1111,1,1,1,0,0,0
IRIW-RA-100011,0000,1,1,1,0,0,0
IRIW-RA-100011,0001,1,1,1,0,0,0
IRIW-RA-100011,0010,1,1,1,0,0,0
IRIW-RA-100011,0011,1,1,1,0,0,0
IRIW-RA-100011,0100,1,1,1,0,0,0
IRIW-RA-100011,0101,1,1,1,0,0,0
IRIW-RA-100011,0110,1,1,1,0,0,0
IRIW-RA-100011,0111,1,1,1,0,0,0
IRIW-RA-100011,1000,1,1,1,0,0,0
IRIW-RA-100011,1001,1,1,1,0,0,0
IRIW-RA-100011,1010,1,1,1,0,0,0
IRIW-RA-100011,1011,1,1,1,0,0,0
IRIW-RA-100011,1100,1,1,1,0,0,0
IRIW-RA-100011,1101,1,1,1,0,0,0
IRIW-RA-100011,1110,1,1,1,0,0,0
IRIW-RA-100011,1111,1,1,1,0,0,0
IRIW-RA-100100,0000,1,1,1,0,0,0
IRIW-RA-100100,0001,1,1,1,0,0,0
IRIW-RA-100100,0010,1,1,1,0,0,0
IRIW-RA-100100,0011,1,1,1,0,0,0
IRIW-RA-100100,0100,1,1,1,0,0,0
IRIW-RA-100100,0101,1,1,1,0,0,0
IRIW-RA-100100,0110,1,1,1,0,0,0
IRIW-RA-100100,0111,1,1,1,0,0,0
IRIW-RA-100100,1000,1,1,1,0,0,0
IRIW-RA-100100,1001,1,1,1,0,0,0
IRIW-RA-100100,1010,1,1,1,0,0,0
IRIW-RA-100100,1011,1,1,1,0,0,0
IRIW-RA-100100,1100,1,1,1,0,0,0
IRIW-RA-100100,1101,1,1,1,0,0,0
IRIW-RA-100100,1110,1,1,1,0,0,0
IRIW-RA-100100,1111,1,1,1,0,0,0
IRIW-RA-100101,0000,1,1,1,0,0,0
IRIW-RA-100101,0001,1,1,1,0,0,0
IRIW-RA-100101,0010,1,1,1,0,0,0
IRIW-RA-100101,0011,1,1,1,0,0,0
IRIW-RA-100101,0100,1,1,1,0,0,0
IRIW-RA-100101,0101,1,1,1,0,0,0
IRIW-RA-100101,0110,1,1,1,0,0,0
IRIW-RA-100101,0111,1,1,1,0,0,0
IRIW-RA-100101,1000,1,1,1,0,0,0
IRIW-RA-100101,1001,1,1,1,0,0,0
IRIW-RA-100101,1010,1,1,1,0,0,0
IRIW-RA-100101,1011,1,1,1,0,0,0
IRIW-RA-100101,1100,1,1,1,0,0,0
IRIW-RA-100101,1101,1,1,1,0,0,0
IRIW-RA-100101,1110,1,1,1,0,0,0
IRIW-RA-100101,1111,1,1,1,0,0,0
IRIW-RA-100110,0000,1,1,1,0,0,0
IRIW-RA-100110,0001,1,1,1,0,0,0
IRIW-RA-100110,0010,1,1,1,0,0,0
IRIW-RA-100110,0011,1,1,1,0,0,0
IRIW-RA-100110,0100,1,1,1,0,0,0
IRIW-RA-100110,0101,1,1,1,0,0,0
IRIW-RA-100110,0110,1,1,1,0,0,0
IRIW-RA-100110,0111,1,1,1,0,0,0
IRIW-RA-100110,1000,1,1,1,0,0,0
IRIW-RA-100110,1001,1,1,1,0,0,0
IRIW-RA-100110,1010,1,1,1,0,0,0
IRIW-RA-100110,1011,1,1,1,0,0,0
IRIW-RA-100110,1100,1,1,1,0,0,0
IRIW-RA-100110,1101,1,1,1,0,0,0
IRIW-RA-100110,1110,1,1,1,0,0,0
IRIW-RA-100110,1111,1,1,1,0,0,0
IRIW-RA-100111,0000,1,1,1,0,0,0
IRIW-RA-100111,0001,1,1,1,0,0,0
IRIW-RA-100111,0010,1,1,1,0,0,0
IRIW-RA-100111,0011,1,1,1,0,0,0
IRIW-RA-100111,0100,1,1,1,0,0,0
IRIW-RA-100111,0101,1,1,1,0,0,0
IRIW-RA-100111,0110,1,1,1,0,0,0
IRIW-RA-100111,0111,1,1,1,0,0,0
IRIW-RA-100111,1000,1,1,1,0,0,0
IRIW-RA-100111,1001,1,1,1,0,0,0
IRIW-RA-100111,1010,1,1,1,0,0,0
IRIW-RA-100111,1011,1,1,1,0,0,0
IRIW-RA-100111,1100,1,1,1,0,0,0
IRIW-RA-100111,1101,1,1,1,0,0,0
IRIW-RA-100111,1110,1,1,1,0,0,0
IRIW-RA-100111,1111,1,1,1,0,0,0
IRIW-RA-101000,0000,1,1,1,0,0,0
IRIW-RA-101000,0001,1,1,1,0,0,0
IRIW-RA-101000,0010,1,1,1,0,0,0
IRIW-RA-101000,0011,1,1,1,0,0,0
IRIW-RA-101000,0100,1,1,1,0,0,0
IRIW-RA-101000,0101,1,1,1,0,0,0
IRIW-RA-101000,0110,1,1,1,0,0,0
IRIW-RA-101000,0111,1,1,1,0,0,0
IRIW-RA-101000,1000,1,1,1,0,0,0
IRIW-RA-101000,1001,1,1,1,0,0,0
IRIW-RA-101000,1010,1,1,1,0,0,0
IRIW-RA-101000,1011,1,1,1,0,0,0
IRIW-RA-101000,1100,1,1,1,0,0,0
IRIW-RA-101000,1101,1,1,1,0,0,0
IRIW-RA-101000,1110,1,1,1,0,0,0
IRIW-RA-101000,1111,1,1,1,0,0,0
IRIW-RA-101001,0000,1,1,1,0,0,0
IRIW-RA-101001,0001,1,1,1,0,0,0
IRIW-RA-101001,0010,1,1,1,0,0,0
IRIW-RA-101001,0011,1,1,1,0,0,0
IRIW-RA-101001,0100,1,1,1,0,0,0
IRIW-RA-101001,0101,1,1,1,0,0,0
IRIW-RA-101001,0110,1,1,1,0,0,0
IRIW-RA-101001,0111,1,1,1,0,0,0
IRIW-RA-101001,1000,1,1,1,0,0,0
IRIW-RA-101001,1001,1,1,1,0,0,0
IRIW-RA-101001,1010,1,1,1,0,0,0
IRIW-RA-101001,1011,1,1,1,0,0,0
IRIW-RA-101001,1100,1,1,1,0,0,0
IRIW-RA-101001,1101,1,1,1,0,0,0
IRIW-RA-101001,1110,1,1,1,0,0,0
IRIW-RA-101001,1111,1,1,1,0,0,0
IRIW-RA-101010,0000,1,1,1,0,0,0
IRIW-RA-101010,0001,1,1,1,0,0,0
IRIW-RA-101010,0010,1,1,1,0,0,0
IRIW-RA-101010,0011,1,1,1,0,0,0
IRIW-RA-101010,0100,1,1,1,0,0,0
IRIW-RA-101010,0101,1,1,1,0,0,0
IRIW-RA-101010,0110,1,1,1,0,0,0
IRIW-RA-101010,0111,1,1,1,0,0,0
IRIW-RA-101010,1000,1,1,1,0,0,0
IRIW-RA-101010,1001,1,1,1,0,0,0
IRIW-RA-101010,1010,1,1,1,0,0,0
IRIW-RA-101010,1011,1,1,1,0,0,0
IRIW-RA-101010,1100,1,1,1,0,0,0
IRIW-RA-101010,1101,1,1,1,0,0,0
IRIW-RA-101010,1110,1,1,1,0,0,0
IRIW-RA-101010,1111,1,1,1,0,0,0
IRIW-RA-101011,0000,1,1,1,0,0,0
IRIW-RA-101011,0001,1,1,1,0,0,0
IRIW-RA-101011,0010,1,1,1,0,0,0
IRIW-RA-101011,0011,1,1,1,0,0,0
IRIW-RA-101011,0100,1,1,1,0,0,0
IRIW-RA-101011,0101,1,1,1,0,0,0
IRIW-RA-101011,0110,1,1,1,0,0,0
IRIW-RA-101011,0111,1,1,1,0,0,0
IRIW-RA-101011,1000,1,1,1,0,0,0
IRIW-RA-101011,1001,1,1,1,0,0,0
IRIW-RA-101011,1010,1,1,1,0,0,0
IRIW-RA-101011,1011,1,1,1,0,0,0
IRIW-RA-101011,1100,1,1,1,0,0,0
IRIW-RA-101011,1101,1,1,1,0,0,0
IRIW-RA-101011,1110,1,1,1,0,0,0
IRIW-RA-101011,1111,1,1,1,0,0,0
IRIW-RA-101100,0000,1,1,1,0,0,0
IRIW-RA-101100,0001,1,1,1,0,0,0
IRIW-RA-101100,0010,1,1,1,0,0,0
IRIW-RA-101100,0011,1,1,1,0,0,0
IRIW-RA-101100,0100,1,1,1,0,0,0
IRIW-RA-101100,0101,1,1,1,0,0,0
IRIW-RA-101100,0110,1,1,1,0,0,0
IRIW-RA-101100,0111,1,1,1,0,0,0
IRIW-RA-101100,1000,1,1,1,0,0,0
IRIW-RA-101100,1001,1,1,1,0,0,0
IRIW-RA-101100,1010,1,1,1,0,0,0
IRIW-RA-101100,1011,1,1,1,0,0,0
IRIW-RA-101100,1100,1,1,1,0,0,0
IRIW-RA-101100,1101,1,1,1,0,0,0
IRIW-RA-101100,1110,1,1,1,0,0,0
IRIW-RA-101100,1111,1,1,1,0,0,0
IRIW-RA-101101,0000,1,1,1,0,0,0
IRIW-RA-101101,0001,1,1,1,0,0,0
IRIW-RA-101101,0010,1,1,1,0,0,0
IRIW-RA-101101,0011,1,1,1,0,0,0
IRIW-RA-101101,0100,1,1,1,0,0,0
IRIW-RA-101101,0101,1,1,1,0,0,0
IRIW-RA-101101,0110,1,1,1,0,0,0
IRIW-RA-101101,0111,1,1,1,0,0,0
IRIW-RA-101101,1000,1,1,1,0,0,0
IRIW-RA-101101,1001,1,1,1,0,0,0
IRIW-RA-101101,1010,1,1,1,0,0,0
IRIW-RA-101101,1011,1,1,1,0,0,0
IRIW-RA-101101,1100,1,1,1,0,0,0
IRIW-RA-101101,1101,1,1,1,0,0,0
IRIW-RA-101101,1110,1,1,1,0,0,0
IRIW-RA-101101,1111,1,1,1,0,0,0
IRIW-RA-101110,0000,1,1,1,0,0,0
IRIW-RA-101110,0001,1,1,1,0,0,0
IRIW-RA-101110,0010,1,1,1,0,0,0
IRIW-RA-101110,0011,1,1,1,0,0,0
IRIW-RA-101110,0100,1,1,1,0,0,0
IRIW-RA-101110,0101,1,1,1,0,0,0
IRIW-RA-101110,0110,1,1,1,0,0,0
IRIW-RA-101110,0111,1,1,1,0,0,0
IRIW-RA-101110,1000,1,1,1,0,0,0
IRIW-RA-101110,1001,1,1,1,0,0,0
IRIW-RA-101110,1010,1,1,1,0,0,0
IRIW-RA-101110,1011,1,1,1,0,0,0
IRIW-RA-101110,1100,1,1,1,0,0,0
IRIW-RA-101110,1101,1,1,1,0,0,0
IRIW-RA-101110,1110,1,1,1,0,0,0
IRIW-RA-101110,1111,1,1,1,0,0,0
IRIW-RA-101111,0000,1,1,1,0,0,0
IRIW-RA-101111,0001,1,1,1,0,0,0
IRIW-RA-101111,0010,1,1,1,0,0,0
IRIW-RA-101111,0011,1,1,1,0,0,0
IRIW-RA-101111,0100,1,1,1,0,0,0
IRIW-RA-101111,0101,1,1,1,0,0,0
IRIW-RA-101111,0110,1,1,1,0,0,0
IRIW-RA-101111,0111,1,1,1,0,0,0
IRIW-RA-101111,1000,1,1,1,0,0,0
IRIW-RA-101111,1001,1,1,1,0,0,0
IRIW-RA-101111,1010,1,1,1,0,0,0
IRIW-RA-101111,1011,1,1,1,0,0,0
IRIW-RA-101111,1100,1,1,1,0,0,0
IRIW-RA-101111,1101,1,1,1,0,0,0
IRIW-RA-101111,1110,1,1,1,0,0,0
IRIW-RA-101111,1111,1,1,1,0,0,0
IRIW-RA-110000,0000,1,1,1,0,0,0
IRIW-RA-110000,0001,1,1,1,0,0,0
IRIW-RA-110000,0010,1,1,1,0,0,0
IRIW-RA-110000,0011,1,1,1,0,0,0
IRIW-RA-110000,0100,1,1,1,0,0,0
IRIW-RA-110000,0101,1,1,1,0,0,0
IRIW-RA-110000,0110,1,1,1,0,0,0
IRIW-RA-110000,0111,1,1,1,0,0,0
IRIW-RA-110000,1000,1,1,1,0,0,0
IRIW-RA-110000,1001,1,1,1,0,0,0
IRIW-RA-110000,1010,1,1,1,0,0,0
IRIW-RA-110000,1011,1,1,1,0,0,0
IRIW-RA-110000,1100,1,1,1,0,0,0
IRIW-RA-110000,1101,1,1,1,0,0,0
IRIW-RA-110000,1110,1,1,1,0,0,0
IRIW-RA-110000,1111,1,1,1,0,0,0
IRIW-RA-110001,0000,1,1,1,0,0,0
IRIW-RA-110001,0001,1,1,1,0,0,0
IRIW-RA-110001,0010,1,1,1,0,0,0
IRIW-RA-110001,0011,1,1,1,0,0,0
IRIW-RA-110001,0100,1,1,1,0,0,0
IRIW-RA-110001,0101,1,1,1,0,0,0
IRIW-RA-110001,0110,1,1,1,0,0,0
IRIW-RA-110001,0111,1,1,1,0,0,0
IRIW-RA-110001,1000,1,1,1,0,0,0
IRIW-RA-110001,1001,1,1,1,0,0,0
IRIW-RA-110001,1010,1,1,1,0,0,0
IRIW-RA-110001,1011,1,1,1,0,0,0
IRIW-RA-110001,1100,1,1,1,0,0,0
IRIW-RA-110001,1101,1,1,1,0,0,0
IRIW-RA-110001,1110,1,1,1,0,0,0
IRIW-RA-110001,1111,1,1,1,0,0,0
IRIW-RA-110010,0000,1,1,1,0,0,0
IRIW-RA-110010,0001,1,1,1,0,0,0
IRIW-RA-110010,0010,1,1,1,0,0,0
IRIW-RA-110010,0011,1,1,1,0,0,0
IRIW-RA-110010,0100,1,1,1,0,0,0
IRIW-RA-110010,0101,1,1,1,0,0,0
IRIW-RA-110010,0110,1,1,1,0,0,0
IRIW-RA-110010,0111,1,1,1,0,0,0
IRIW-RA-110010,1000,1,1,1,0,0,0
IRIW-RA-110010,1001,1,1,1,0,0,0
IRIW-RA-110010,1010,1,1,1,0,0,0
IRIW-RA-110010,1011,1,1,1,0,0,0
IRIW-RA-110010,1100,1,1,1,0,0,0
IRIW-RA-110010,1101,1,1,1,0,0,0
IRIW-RA-110010,1110,1,1,1,0,0,0
IRIW-RA-110010,1111,1,1,1,0,0,0
IRIW-RA-110011,0000,1,1,1,0,0,0
IRIW-RA-110011,0001,1,1,1,0,0,0
IRIW-RA-110011,0010,1,1,1,0,0,0
IRIW-RA-110011,0011,1,1,1,0,0,0
IRIW-RA-110011,0100,1,1,1,0,0,0
IRIW-RA-110011,0101,1,1,1,0,0,0
IRIW-RA-110011,0110,1,1,1,0,0,0
IRIW-RA-110011,0111,1,1,1,0,0,0
IRIW-RA-110011,1000,1,1,1,0,0,0
IRIW-RA-110011,1001,1,1,1,0,0,0
IRIW-RA-110011,1010,1,1,1,0,0,0
IRIW-RA-110011,1011,1,1,1,0,0,0
IRIW-RA-110011,1100,1,1,1,0,0,0
IRIW-RA-110011,1101,1,1,1,0,0,0
IRIW-RA-110011,1110,1,1,1,0,0,0
IRIW-RA-110011,1111,1,1,1,0,0,0
IRIW-RA-110100,0000,1,1,1,0,0,0
IRIW-RA-110100,0001,1,1,1,0,0,0
IRIW-RA-110100,0010,1,1,1,0,0,0
IRIW-RA-110100,0011,1,1,1,0,0,0
IRIW-RA-110100,0100,1,1,1,0,0,0
IRIW-RA-110100,0101,1,1,1,0,0,0
IRIW-RA-110100,0110,1,1,1,0,0,0
IRIW-RA-110100,0111,1,1,1,0,0,0
IRIW-RA-110100,1000,1,1,1,0,0,0
IRIW-RA-110100,1001,1,1,1,0,0,0
IRIW-RA-110100,1010,1,1,1,0,0,0
IRIW-RA-110100,1011,1,1,1,0,0,0
IRIW-RA-110100,1100,1,1,1,0,0,0
IRIW-RA-110100,1101,1,1,1,0,0,0
IRIW-RA-110100,1110,1,1,1,0,0,0
IRIW-RA-110100,1111,1,1,1,0,0,0
IRIW-RA-110101,0000,1,1,1,0,0,0
IRIW-RA-110101,0001,1,1,1,0,0,0
IRIW-RA-110101,0010,1,1,1,0,0,0
IRIW-RA-110101,0011,1,1,1,0,0,0
IRIW-RA-110101,0100,1,1,1,0,0,0
IRIW-RA-110101,0101,1,1,1,0,0,0
IRIW-RA-110101,0110,1,1,1,0,0,0
IRIW-RA-110101,0111,1,1,1,0,0,0
IRIW-RA-110101,1000,1,1,1,0,0,0
IRIW-RA-110101,1001,1,1,1,0,0,0
IRIW-RA-110101,1010,1,1,1,0,0,0
IRIW-RA-110101,1011,1,1,1,0,0,0
IRIW-RA-110101,1100,1,1,1,0,0,0
IRIW-RA-110101,1101,1,1,1,0,0,0
IRIW-RA-110101,1110,1,1,1,0,0,0
IRIW-RA-110101,1111,1,1,1,0,0,0
IRIW-RA-110110,0000,1,1,1,0,0,0
IRIW-RA-110110,0001,1,1,1,0,0,0
IRIW-RA-110110,0010,1,1,1,0,0,0
IRIW-RA-110110,0011,1,1,1,0,0,0
IRIW-RA-110110,0100,1,1,1,0,0,0
IRIW-RA-110110,0101,1,1,1,0,0,0
IRIW-RA-110110,0110,1,1,1,0,0,0
IRIW-RA-110110,0111,1,1,1,0,0,0
IRIW-RA-110110,1000,1,1,1,0,0,0
IRIW-RA-110110,1001,1,1,1,0,0,0
IRIW-RA-110110,1010,1,1,1,0,0,0
IRIW-RA-110110,1011,1,1,1,0,0,0
IRIW-RA-110110,1100,1,1,1,0,0,0
IRIW-RA-110110,1101,1,1,1,0,0,0
IRIW-RA-110110,1110,1,1,1,0,0,0
IRIW-RA-110110,1111,1,1,1,0,0,0
IRIW-RA-110111,0000,1,1,1,0,0,0
IRIW-RA-110111,0001,1,1,1,0,0,0
IRIW-RA-110111,0010,1,1,1,0,0,0
IRIW-RA-110111,0011,1,1,1,0,0,0
IRIW-RA-110111,0100,1,1,1,0,0,0
IRIW-RA-110111,0101,1,1,1,0,0,0
IRIW-RA-110111,0110,1,1,1,0,0,0
IRIW-RA-110111,0111,1,1,1,0,0,0
IRIW-RA-110111,1000,1,1,1,0,0,0
IRIW-RA-110111,1001,1,1,1,0,0,0
IRIW-RA-110111,1010,1,1,1,0,0,0
IRIW-RA-110111,1011,1,1,1,0,0,0
IRIW-RA-110111,1100,1,1,1,0,0,0
IRIW-RA-110111,1101,1,1,1,0,0,0
IRIW-RA-110111,1110,1,1,1,0,0,0
IRIW-RA-110111,1111,1,1,1,0,0,0
IRIW-RA-111000,0000,1,1,1,0,0,0
IRIW-RA-111000,0001,1,1,1,0,0,0
IRIW-RA-111000,0010,1,1,1,0,0,0
IRIW-RA-111000,0011,1,1,1,0,0,0
IRIW-RA-111000,0100,1,1,1,0,0,0
IRIW-RA-111000,0101,1,1,1,0,0,0
IRIW-RA-111000,0110,1,1,1,0,0,0
IRIW-RA-111000,0111,1,1,1,0,0,0
IRIW-RA-111000,1000,1,1,1,0,0,0
IRIW-RA-111000,1001,1,1,1,0,0,0
IRIW-RA-111000,1010,1,1,1,0,0,0
IRIW-RA-111000,1011,1,1,1,0,0,0
IRIW-RA-111000,1100,1,1,1,0,0,0
IRIW-RA-111000,1101,1,1,1,0,0,0
IRIW-RA-111000,1110,1,1,1,0,0,0
IRIW-RA-111000,1111,1,1,1,0,0,0
IRIW-RA-111001,0000,1,1,1,0,0,0
IRIW-RA-111001,0001,1,1,1,0,0,0
IRIW-RA-111001,0010,1,1,1,0,0,0
IRIW-RA-111001,0011,1,1,1,0,0,0
IRIW-RA-111001,0100,1,1,1,0,0,0
IRIW-RA-111001,0101,1,1,1,0,0,0
IRIW-RA-111001,0110,1,1,1,0,0,0
IRIW-RA-111001,0111,1,1,1,0,0,0
IRIW-RA-111001,1000,1,1,1,0,0,0
IRIW-RA-111001,1001,1,1,1,0,0,0
IRIW-RA-111001,1010,1,1,1,0,0,0
IRIW-RA-111001,1011,1,1,1,0,0,0
IRIW-RA-111001,1100,1,1,1,0,0,0
IRIW-RA-111001,1101,1,1,1,0,0,0
IRIW-RA-111001,1110,1,1,1,0,0,0
IRIW-RA-111001,1111,1,1,1,0,0,0
IRIW-RA-111010,0000,1,1,1,0,0,0
IRIW-RA-111010,0001,1,1,1,0,0,0
IRIW-RA-111010,0010,1,1,1,0,0,0
IRIW-RA-111010,0011,1,1,1,0,0,0
IRIW-RA-111010,0100,1,1,1,0,0,0
IRIW-RA-111010,0101,1,1,1,0,0,0
IRIW-RA-111010,0110,1,1,1,0,0,0
IRIW-RA-111010,0111,1,1,1,0,0,0
IRIW-RA-111010,1000,1,1,1,0,0,0
IRIW-RA-111010,1001,1,1,1,0,0,0
IRIW-RA-111010,1010,1,1,1,0,0,0
IRIW-RA-111010,1011,1,1,1,0,0,0
IRIW-RA-111010,1100,1,1,1,0,0,0
IRIW-RA-111010,1101,1,1,1,0,0,0
IRIW-RA-111010,1110,1,1,1,0,0,0
IRIW-RA-111010,1111,1,1,1,0,0,0
IRIW-RA-111011,0000,1,1,1,0,0,0
IRIW-RA-111011,0001,1,1,1,0,0,0
IRIW-RA-111011,0010,1,1,1,0,0,0
IRIW-RA-111011,0011,1,1,1,0,0,0
IRIW-RA-111011,0100,1,1,1,0,0,0
IRIW-RA-111011,0101,1,1,1,0,0,0
IRIW-RA-111011,0110,1,1,1,0,0,0
IRIW-RA-111011,0111,1,1,1,0,0,0
IRIW-RA-111011,1000,1,1,1,0,0,0
IRIW-RA-111011,1001,1,1,1,0,0,0
IRIW-RA-111011,1010,1,1,1,0,0,0
IRIW-RA-111011,1011,1,1,1,0,0,0
IRIW-RA-111011,1100,1,1,1,0,0,0
IRIW-RA-111011,1101,1,1,1,0,0,0
IRIW-RA-111011,1110,1,1,1,0,0,0
IRIW-RA-111011,1111,1,1,1,0,0,0
IRIW-RA-111100,0000,1,1,1,0,0,0
IRIW-RA-111100,0001,1,1,1,0,0,0
IRIW-RA-111100,0010,1,1,1,0,0,0
IRIW-RA-111100,0011,1,1,1,0,0,0
IRIW-RA-111100,0100,1,1,1,0,0,0
IRIW-RA-111100,0101,1,1,1,0,0,0
IRIW-RA-111100,0110,1,1,1,0,0,0
IRIW-RA-111100,0111,1,1,1,0,0,0
IRIW-RA-111100,1000,1,1,1,0,0,0
IRIW-RA-111100,1001,1,1,1,0,0,0
IRIW-RA-111100,1010,1,1,1,0,0,0
IRIW-RA-111100,1011,1,1,1,0,0,0
IRIW-RA-111100,1100,1,1,1,0,0,0
IRIW-RA-111100,1101,1,1,1,0,0,0
IRIW-RA-111100,1110,1,1,1,0,0,0
IRIW-RA-111100,1111,1,1,1,0,0,0
IRIW-RA-111101,0000,1,1,1,0,0,0
IRIW-RA-111101,0001,1,1,1,0,0,0
IRIW-RA-111101,0010,1,1,1,0,0,0
IRIW-RA-111101,0011,1,1,1,0,0,0
IRIW-RA-111101,0100,1,1,1,0,0,0
IRIW-RA-111101,0101,1,1,1,0,0,0
IRIW-RA-111101,0110,1,1,1,0,0,0
IRIW-RA-111101,0111,1,1,1,0,0,0
IRIW-RA-111101,1000,1,1,1,0,0,0
IRIW-RA-111101,1001,1,1,1,0,0,0
IRIW-RA-111101,1010,1,1,1,0,0,0
IRIW-RA-111101,1011,1,1,1,0,0,0
IRIW-RA-111101,1100,1,1,1,0,0,0
IRIW-RA-111101,1101,1,1,1,0,0,0
IRIW-RA-111101,1110,1,1,1,0,0,0
IRIW-RA-111101,1111,1,1,1,0,0,0
IRIW-RA-111110,0000,1,1,1,0,0,0
IRIW-RA-111110,0001,1,1,1,0,0,0
IRIW-RA-111110,0010,1,1,1,0,0,0
IRIW-RA-111110,0011,1,1,1,0,0,0
IRIW-RA-111110,0100,1,1,1,0,0,0
IRIW-RA-111110,0101,1,1,1,0,0,0
IRIW-RA-111110,0110,1,1,1,0,0,0
IRIW-RA-111110,0111,1,1,1,0,0,0
IRIW-RA-111110,1000,1,1,1,0,0,0
IRIW-RA-111110,1001,1,1,1,0,0,0
IRIW-RA-111110,1010,1,1,1,0,0,0
IRIW-RA-111110,1011,1,1,1,0,0,0
IRIW-RA-111110,1100,1,1,1,0,0,0
IRIW-RA-111110,1101,1,1,1,0,0,0
IRIW-RA-111110,1110,1,1,1,0,0,0
IRIW-RA-111110,1111,1,1,1,0,0,0
IRIW-RA-111111,0000,1,1,1,0,0,0
IRIW-RA-111111,0001,1,1,1,0,0,0
IRIW-RA-111111,0010,1,1,1,0,0,0
IRIW-RA-111111,0011,1,1,1,0,0,0
IRIW-RA-111111,0100,1,1,1,0,0,0
IRIW-RA-111111,0101,1,1,1,0,0,0
IRIW-RA-111111,0110,1,1,1,0,0,0
IRIW-RA-111111,0111,1,1,1,0,0,0
IRIW-RA-111111,1000,1,1,1,0,0,0
IRIW-RA-111111,1001,1,1,1,0,0,0
IRIW-RA-111111,1010,1,1,1,0,0,0
IRIW-RA-111111,1011,1,1,1,0,0,0
IRIW-RA-111111,1100,1,1,1,0,0,0
IRIW-RA-111111,1101,1,1,1,0,0,0
IRIW-RA-111111,1110,1,1,1,0,0,0
IRIW-RA-111111,1111,1,1,1,0,0,0
IRIW-SC-000001,0000,1,1,1,0,0,0
IRIW-SC-000001,0001,1,1,1,0,0,0
IRIW-SC-000001,0010,1,1,1,0,0,0
IRIW-SC-000001,0011,1,1,1,0,0,0
IRIW-SC-000001,0100,1,1,1,0,0,0
IRIW-SC-000001,0101,1,1,1,0,0,0
IRIW-SC-000001,0110,1,1,1,0,0,0
IRIW-SC-000001,0111,1,1,1,0,0,0
IRIW-SC-000001,1000,1,1,1,0,0,0
IRIW-SC-000001,1001,1,1,1,0,0,0
IRIW-SC-000001,1010,1,1,1,0,0,0
IRIW-SC-000001,1011,1,1,1,0,0,0
IRIW-SC-000001,1100,1,1,1,0,0,0
IRIW-SC-000001,1101,1,1,1,0,0,0
IRIW-SC-000001,1110,1,1,1,0,0,0
IRIW-SC-000001,1111,1,1,1,0,0,0
IRIW-SC-000010,0000,1,1,1,0,0,0
IRIW-SC-000010,0001,1,1,1,0,0,0
IRIW-SC-000010,0010,1,1,1,0,0,0
IRIW-SC-000010,0011,1,1,1,0,0,0
IRIW-SC-000010,0100,1,1,1,0,0,0
IRIW-SC-000010,0101,1,1,1,0,0,0
IRIW-SC-000010,0110,1,1,1,0,0,0
IRIW-SC-000010,0111,1,1,1,0,0,0
IRIW-SC-000010,1000,1,1,1,0,0,0
IRIW-SC-000010,1001,1,1,1,0,0,0
IRIW-SC-000010,1010,1,1,1,0,0,0
IRIW-SC-000010,1011,1,1,1,0,0,0
IRIW-SC-000010,1100,1,1,1,0,0,0
IRIW-SC-000010,1101,1,1,1,0,0,0
IRIW-SC-000010,1110,1,1,1,0,0,0
IRIW-SC-000010,1111,1,1,1,0,0,0
IRIW-SC-000011,0000,1,1,1,0,0,0
IRIW-SC-000011,0001,1,1,1,0,0,0
IRIW-SC-000011,0010,1,1,1,0,0,0
IRIW-SC-000011,0011,1,1,1,0,0,0
IRIW-SC-000011,0100,1,1,1,0,0,0
IRIW-SC-000011,0101,1,1,1,0,0,0
IRIW-SC-000011,0110,1,1,1,0,0,0
IRIW-SC-000011,0111,1,1,1,0,0,0
IRIW-SC-000011,1000,1,1,1,0,0,0
IRIW-SC-000011,1001,1,1,1,0,0,0
IRIW-SC-000011,1010,1,1,1,0,0,0
IRIW-SC-000011,1011,1,1,1,0,0,0
IRIW-SC-000011,1100,1,1,1,0,0,0
IRIW-SC-000011,1101,1,1,1,0,0,0
IRIW-SC-000011,1110,1,1,1,0,0,0
IRIW-SC-000011,1111,1,1,1,0,0,0
IRIW-SC-000100,0000,1,1,1,0,0,0
IRIW-SC-000100,0001,1,1,1,0,0,0
IRIW-SC-000100,0010,1,1,1,0,0,0
IRIW-SC-000100,0011,1,1,1,0,0,0
IRIW-SC-000100,0100,1,1,1,0,0,0
IRIW-SC-000100,0101,1,1,1,0,0,0
IRIW-SC-000100,0110,1,1,1,0,0,0
IRIW-SC-000100,0111,1,1,1,0,0,0
IRIW-SC-000100,1000,1,1,1,0,0,0
IRIW-SC-000100,1001,1,1,1,0,0,0
IRIW-SC-000100,1010,1,1,1,0,0,0
IRIW-SC-000100,1011,1,1,1,0,0,0
IRIW-SC-000100,1100,1,1,1,0,0,0
IRIW-SC-000100,1101,1,1,1,0,0,0
IRIW-SC-000100,1110,1,1,1,0,0,0
IRIW-SC-000100,1111,1,1,1,0,0,0
IRIW-SC-000101,0000,1,1,1,0,0,0
IRIW-SC-000101,0001,1,1,1,0,0,0
IRIW-SC-000101,0010,1,1,1,0,0,0
IRIW-SC-000101,0011,1,1,1,0,0,0
IRIW-SC-000101,0100,1,1,1,0,0,0
IRIW-SC-000101,0101,1,1,1,0,0,0
IRIW-SC-000101,0110,1,1,1,0,0,0
IRIW-SC-000101,0111,1,1,1,0,0,0
IRIW-SC-000101,1000,1,1,1,0,0,0
IRIW-SC-000101,1001,1,1,1,0,0,0
IRIW-SC-000101,1010,1,1,1,0,0,0
IRIW-SC-000101,1011,1,1,1,0,0,0
IRIW-SC-000101,1100,1,1,1,0,0,0
IRIW-SC-000101,1101,1,1,1,0,0,0
IRIW-SC-000101,1110,1,1,1,0,0,0
IRIW-SC-000101,1111,1,1,1,0,0,0
IRIW-SC-000110,0000,1,1,1,0,0,0
IRIW-SC-000110,0001,1,1,1,0,0,0
IRIW-SC-000110,0010,1,1,1,0,0,0
IRIW-SC-000110,0011,1,1,1,0,0,0
IRIW-SC-000110,0100,1,1,1,0,0,0
IRIW-SC-000110,0101,1,1,1,0,0,0
IRIW-SC-000110,0110,1,1,1,0,0,0
IRIW-SC-000110,0111,1,1,1,0,0,0
IRIW-SC-000110,1000,1,1,1,0,0,0
IRIW-SC-000110,1001,1,1,1,0,0,0
IRIW-SC-000110,1010,1,1,1,0,0,0
IRIW-SC-000110,1011,1,1,1,0,0,0
IRIW-SC-000110,1100,1,1,1,0,0,0
IRIW-SC-000110,1101,1,1,1,0,0,0
IRIW-SC-000110,1110,1,1,1,0,0,0
IRIW-SC-000110,1111,1,1,1,0,0,0
IRIW-SC-000111,0000,1,1,1,0,0,0
IRIW-SC-000111,0001,1,1,1,0,0,0
IRIW-SC-000111,0010,1,1,1,0,0,0
IRIW-SC-000111,0011,1,1,1,0,0,0
IRIW-SC-000111,0100,1,1,1,0,0,0
IRIW-SC-000111,0101,1,1,1,0,0,0
IRIW-SC-000111,0110,1,1,1,0,0,0
IRIW-SC-000111,0111,1,1,1,0,0,0
IRIW-SC-000111,1000,1,1,1,0,0,0
IRIW-SC-000111,1001,1,1,1,0,0,0
IRIW-SC-000111,1010,1,1,1,0,0,0
IRIW-SC-000111,1011,1,1,1,0,0,0
IRIW-SC-000111,1100,1,1,1,0,0,0
IRIW-SC-000111,1101,1,1,1,0,0,0
IRIW-SC-000111,1110,1,1,1,0,0,0
IRIW-SC-000111,1111,1,1,1,0,0,0
IRIW-SC-001000,0000,1,1,1,0,0,0
IRIW-SC-001000,0001,1,1,1,0,0,0
IRIW-SC-001000,0010,1,1,1,0,0,0
IRIW-SC-001000,0011,1,1,1,0,0,0
IRIW-SC-001000,0100,1,1,1,0,0,0
IRIW-SC-001000,0101,1,1,1,0,0,0
IRIW-SC-001000,0110,1,1,1,0,0,0
IRIW-SC-001000,0111,1,1,1,0,0,0
IRIW-SC-001000,1000,1,1,1,0,0,0
IRIW-SC-001000,1001,1,1,1,0,0,0
IRIW-SC-001000,1010,1,1,1,0,0,0
IRIW-SC-001000,1011,1,1,1,0,0,0
IRIW-SC-001000,1100,1,1,1,0,0,0
IRIW-SC-001000,1101,1,1,1,0,0,0
IRIW-SC-001000,1110,1,1,1,0,0,0
IRIW-SC-001000,1111,1,1,1,0,0,0
IRIW-SC-001001,0000,1,1,1,0,0,0
IRIW-SC-001001,0001,1,1,1,0,0,0
IRIW-SC-001001,0010,1,1,1,0,0,0
IRIW-SC-001001,0011,1,1,1,0,0,0
IRIW-SC-001001,0100,1,1,1,0,0,0
IRIW-SC-001001,0101,1,1,1,0,0,0
IRIW-SC-001001,0110,1,1,1,0,0,0
IRIW-SC-001001,0111,1,1,1,0,0,0
IRIW-SC-001001,1000,1,1,1,0,0,0
IRIW-SC-001001,1001,1,1,1,0,0,0
IRIW-SC-001001,1010,1,1,1,0,0,0
IRIW-SC-001001,1011,1,1,1,0,0,0
IRIW-SC-001001,1100,1,1,1,0,0,0
IRIW-SC-001001,1101,1,1,1,0,0,0
IRIW-SC-001001,1110,1,1,1,0,0,0
IRIW-SC-001001,1111,1,1,1,0,0,0
IRIW-SC-001010,0000,1,1,1,0,0,0
IRIW-SC-001010,0001,1,1,1,0,0,0
IRIW-SC-001010,0010,1,1,1,0,0,0
IRIW-SC-001010,0011,1,1,1,0,0,0
IRIW-SC-001010,0100,1,1,1,0,0,0
IRIW-SC-001010,0101,1,1,1,0,0,0
IRIW-SC-001010,0110,1,1,1,0,0,0
IRIW-SC-001010,0111,1,1,1,0,0,0
IRIW-SC-001010,1000,1,1,1,0,0,0
IRIW-SC-001010,1001,1,1,1,0,0,0
IRIW-SC-001010,1010,1,1,1,0,0,0
IRIW-SC-001010,1011,1,1,1,0,0,0
IRIW-SC-001010,1100,1,1,1,0,0,0
IRIW-SC-001010,1101,1,1,1,0,0,0
IRIW-SC-001010,1110,1,1,1,0,0,0
IRIW-SC-001010,1111,1,1,1,0,0,0
IRIW-SC-001011,0000,1,1,1,0,0,0
IRIW-SC-001011,0001,1,1,1,0,0,0
IRIW-SC-001011,0010,1,1,1,0,0,0
IRIW-SC-001011,0011,1,1,1,0,0,0
IRIW-SC-001011,0100,1,1,1,0,0,0
IRIW-SC-001011,0101,1,1,1,0,0,0
IRIW-SC-001011,0110,1,1,1,0,0,0
IRIW-SC-001011,0111,1,1,1,0,0,0
IRIW-SC-001011,1000,1,1,1,0,0,0
IRIW-SC-001011,1001,1,1,1,0,0,0
IRIW-SC-001011,1010,1,1,1,0,0,0
IRIW-SC-001011,1011,1,1,1,0,0,0
IRIW-SC-001011,1100,1,1,1,0,0,0
IRIW-SC-001011,1101,1,1,1,0,0,0
IRIW-SC-001011,1110,1,1,1,0,0,0
IRIW-SC-001011,1111,1,1,1,0,0,0
IRIW-SC-001100,0000,1,1,1,0,0,0
IRIW-SC-001100,0001,1,1,1,0,0,0
IRIW-SC-001100,0010,1,1,1,0,0,0
IRIW-SC-001100,0011,1,1,1,0,0,0
IRIW-SC-001100,0100,1,1,1,0,0,0
IRIW-SC-001100,0101,1,1,1,0,0,0
IRIW-SC-001100,0110,1,1,1,0,0,0
IRIW-SC-001100,0111,1,1,1,0,0,0
IRIW-SC-001100,1000,1,1,1,0,0,0
IRIW-SC-001100,1001,1,1,1,0,0,0
IRIW-SC-001100,1010,1,1,1,0,0,0
IRIW-SC-001100,1011,1,1,1,0,0,0
IRIW-SC-001100,1100,1,1,1,0,0,0
IRIW-SC-001100,1101,1,1,1,0,0,0
IRIW-SC-001100,1110,1,1,1,0,0,0
IRIW-SC-001100,1111,1,1,1,0,0,0
IRIW-SC-001101,0000,1,1,1,0,0,0
IRIW-SC-001101,0001,1,1,1,0,0,0
IRIW-SC-001101,0010,1,1,1,0,0,0
IRIW-SC-001101,0011,1,1,1,0,0,0
IRIW-SC-001101,0100,1,1,1,0,0,0
IRIW-SC-001101,0101,1,1,1,0,0,0
IRIW-SC-001101,0110,1,1,1,0,0,0
IRIW-SC-001101,0111,1,1,1,0,0,0
IRIW-SC-001101,1000,1,1,1,0,0,0
IRIW-SC-001101,1001,1,1,1,0,0,0
IRIW-SC-001101,1010,1,1,1,0,0,0
IRIW-SC-001101,1011,1,1,1,0,0,0
IRIW-SC-001101,1100,1,1,1,0,0,0
IRIW-SC-001101,1101,1,1,1,0,0,0
IRIW-SC-001101,1110,1,1,1,0,0,0
IRIW-SC-001101,1111,1,1,1,0,0,0
IRIW-SC-001110,0000,1,1,1,0,0,0
IRIW-SC-001110,0001,1,1,1,0,0,0
IRIW-SC-001110,0010,1,1,1,0,0,0
IRIW-SC-001110,0011,1,1,1,0,0,0
IRIW-SC-001110,0100,1,1,1,0,0,0
IRIW-SC-001110,0101,1,1,1,0,0,0
IRIW-SC-001110,0110,1,1,1,0,0,0
IRIW-SC-001110,0111,1,1,1,0,0,0
IRIW-SC-001110,1000,1,1,1,0,0,0
IRIW-SC-001110,1001,1,1,1,0,0,0
IRIW-SC-001110,1010,1,1,1,0,0,0
IRIW-SC-001110,1011,1,1,1,0,0,0
IRIW-SC-001110,1100,1,1,1,0,0,0
IRIW-SC-001110,1101,1,1,1,0,0,0
IRIW-SC-001110,1110,1,1,1,0,0,0
IRIW-SC-001110,1111,1,1,1,0,0,0
IRIW-SC-001111,0000,1,1,1,0,0,0
IRIW-SC-001111,0001,1,1,1,0,0,0
IRIW-SC-001111,0010,1,1,1,0,0,0
IRIW-SC-001111,0011,1,1,1,0,0,0
IRIW-SC-001111,0100,1,1,1,0,0,0
IRIW-SC-001111,0101,1,1,1,0,0,0
IRIW-SC-001111,0110,1,1,1,0,0,0
IRIW-SC-001111,0111,1,1,1,0,0,0
IRIW-SC-001111,1000,1,1,1,0,0,0
IRIW-SC-001111,1001,1,1,1,0,0,0
IRIW-SC-001111,1010,1,1,1,0,0,0
IRIW-SC-001111,1011,1,1,1,0,0,0
IRIW-SC-001111,1100,1,1,1,0,0,0
IRIW-SC-001111,1101,1,1,1,0,0,0
IRIW-SC-001111,1110,1,1,1,0,0,0
IRIW-SC-001111,1111,1,1,1,0,0,0
IRIW-SC-010000,0000,1,1,1,0,0,0
IRIW-SC-010000,0001,1,1,1,0,0,0
IRIW-SC-010000,0010,1,1,1,0,0,0
IRIW-SC-010000,0011,1,1,1,0,0,0
IRIW-SC-010000,0100,1,1,1,0,0,0
IRIW-SC-010000,0101,1,1,1,0,0,0
IRIW-SC-010000,0110,1,1,1,0,0,0
IRIW-SC-010000,0111,1,1,1,0,0,0
IRIW-SC-010000,1000,1,1,1,0,0,0
IRIW-SC-010000,1001,1,1,1,0,0,0
IRIW-SC-010000,1010,1,1,1,0,0,0
IRIW-SC-010000,1011,1,1,1,0,0,0
IRIW-SC-010000,1100,1,1,1,0,0,0
IRIW-SC-010000,1101,1,1,1,0,0,0
IRIW-SC-010000,1110,1,1,1,0,0,0
IRIW-SC-010000,1111,1,1,1,0,0,0
IRIW-SC-010001,0000,1,1,1,0,0,0
IRIW-SC-010001,0001,1,1,1,0,0,0
IRIW-SC-010001,0010,1,1,1,0,0,0
IRIW-SC-010001,0011,1,1,1,0,0,0
IRIW-SC-010001,0100,1,1,1,0,0,0
IRIW-SC-010001,0101,1,1,1,0,0,0
IRIW-SC-010001,0110,1,1,1,0,0,0
IRIW-SC-010001,0111,1,1,1,0,0,0
IRIW-SC-010001,1000,1,1,1,0,0,0
IRIW-SC-010001,1001,1,1,1,0,0,0
IRIW-SC-010001,1010,1,1,1,0,0,0
IRIW-SC-010001,1011,1,1,1,0,0,0
IRIW-SC-010001,1100,1,1,1,0,0,0
IRIW-SC-010001,1101,1,1,1,0,0,0
IRIW-SC-010001,1110,1,1,1,0,0,0
IRIW-SC-010001,1111,1,1,1,0,0,0
IRIW-SC-010010,0000,1,1,1,0,0,0
IRIW-SC-010010,0001,1,1,1,0,0,0
IRIW-SC-010010,0010,1,1,1,0,0,0
IRIW-SC-010010,0011,1,1,1,0,0,0
IRIW-SC-010010,0100,1,1,1,0,0,0
IRIW-SC-010010,0101,1,1,1,0,0,0
IRIW-SC-010010,0110,1,1,1,0,0,0
IRIW-SC-010010,0111,1,1,1,0,0,0
IRIW-SC-010010,1000,1,1,1,0,0,0
IRIW-SC-010010,1001,1,1,1,0,0,0
IRIW-SC-010010,1010,1,1,1,0,0,0
IRIW-SC-010010,1011,1,1,1,0,0,0
IRIW-SC-010010,1100,1,1,1,0,0,0
IRIW-SC-010010,1101,1,1,1,0,0,0
IRIW-SC-010010,1110,1,1,1,0,0,0
IRIW-SC-010010,1111,1,1,1,0,0,0
IRIW-SC-010011,0000,1,1,1,0,0,0
IRIW-SC-010011,0001,1,1,1,0,0,0
IRIW-SC-010011,0010,1,1,1,0,0,0
IRIW-SC-010011,0011,1,1,1,0,0,0
IRIW-SC-010011,0100,1,1,1,0,0,0
IRIW-SC-010011,0101,1,1,1,0,0,0
IRIW-SC-010011,0110,1,1,1,0,0,0
IRIW-SC-010011,0111,1,1,1,0,0,0
IRIW-SC-010011,1000,1,1,1,0,0,0
IRIW-SC-010011,1001,1,1,1,0,0,0
IRIW-SC-010011,1010,1,1,1,0,0,0
IRIW-SC-010011,1011,1,1,1,0,0,0
IRIW-SC-010011,1100,1,1,1,0,0,0
IRIW-SC-010011,1101,1,1,1,0,0,0
IRIW-SC-010011,1110,1,1,1,0,0,0
IRIW-SC-010011,1111,1,1,1,0,0,0
IRIW-SC-010100,0000,1,1,1,0,0,0
IRIW-SC-010100,0001,1,1,1,0,0,0
IRIW-SC-010100,0010,1,1,1,0,0,0
IRIW-SC-010100,0011,1,1,1,0,0,0
IRIW-SC-010100,0100,1,1,1,0,0,0
IRIW-SC-010100,0101,1,1,1,0,0,0
IRIW-SC-010100,0110,1,1,1,0,0,0
IRIW-SC-010100,0111,1,1,1,0,0,0
IRIW-SC-010100,1000,1,1,1,0,0,0
IRIW-SC-010100,1001,1,1,1,0,0,0
IRIW-SC-010100,1010,1,1,1,0,0,0
IRIW-SC-010100,1011,1,1,1,0,0,0
IRIW-SC-010100,1100,1,1,1,0,0,0
IRIW-SC-010100,1101,1,1,1,0,0,0
IRIW-SC-010100,1110,1,1,1,0,0,0
IRIW-SC-010100,1111,1,1,1,0,0,0
IRIW-SC-010101,0000,1,1,1,0,0,0
IRIW-SC-010101,0001,1,1,1,0,0,0
IRIW-SC-010101,0010,1,1,1,0,0,0
IRIW-SC-010101,0011,1,1,1,0,0,0
IRIW-SC-010101,0100,1,1,1,0,0,0
IRIW-SC-010101,0101,1,1,1,0,0,0
IRIW-SC-010101,0110,1,1,1,0,0,0
IRIW-SC-010101,0111,1,1,1,0,0,0
IRIW-SC-010101,1000,1,1,1,0,0,0
IRIW-SC-010101,1001,1,1,1,0,0,0
IRIW-SC-010101,1010,1,1,1,0,0,0
IRIW-SC-010101,1011,1,1,1,0,0,0
IRIW-SC-010101,1100,1,1,1,0,0,0
IRIW-SC-010101,1101,1,1,1,0,0,0
IRIW-SC-010101,1110,1,1,1,0,0,0
IRIW-SC-010101,1111,1,1,1,0,0,0
IRIW-SC-010110,0000,1,1,1,0,0,0
IRIW-SC-010110,0001,1,1,1,0,0,0
IRIW-SC-010110,0010,1,1,1,0,0,0
IRIW-SC-010110,0011,1,1,1,0,0,0
IRIW-SC-010110,0100,1,1,1,0,0,0
IRIW-SC-010110,0101,1,1,1,0,0,0
IRIW-SC-010110,0110,1,1,1,0,0,0
IRIW-SC-010110,0111,1,1,1,0,0,0
IRIW-SC-010110,1000,1,1,1,0,0,0
IRIW-SC-010110,1001,1,1,1,0,0,0
IRIW-SC-010110,1010,1,1,1,0,0,0
IRIW-SC-010110,1011,1,1,1,0,0,0
IRIW-SC-010110,1100,1,1,1,0,0,0
IRIW-SC-010110,1101,1,1,1,0,0,0
IRIW-SC-010110,1110,1,1,1,0,0,0
IRIW-SC-010110,1111,1,1,1,0,0,0
IRIW-SC-010111,0000,1,1,1,0,0,0
IRIW-SC-010111,0001,1,1,1,0,0,0
IRIW-SC-010111,0010,1,1,1,0,0,0
IRIW-SC-010111,0011,1,1,1,0,0,0
IRIW-SC-010111,0100,1,1,1,0,0,0
IRIW-SC-010111,0101,1,1,1,0,0,0
IRIW-SC-010111,0110,1,1,1,0,0,0
IRIW-SC-010111,0111,1,1,1,0,0,0
IRIW-SC-010111,1000,1,1,1,0,0,0
IRIW-SC-010111,1001,1,1,1,0,0,0
IRIW-SC-010111,1010,1,1,1,0,0,0
IRIW-SC-010111,1011,1,1,1,0,0,0
IRIW-SC-010111,1100,1,1,1,0,0,0
IRIW-SC-010111,1101,1,1,1,0,0,0
IRIW-SC-010111,1110,1,1,1,0,0,0
IRIW-SC-010111,1111,1,1,1,0,0,0
IRIW-SC-011000,0000,1,1,1,0,0,0
IRIW-SC-011000,0001,1,1,1,0,0,0
IRIW-SC-011000,0010,1,1,1,0,0,0
IRIW-SC-011000,0011,1,1,1,0,0,0
IRIW-SC-011000,0100,1,1,1,0,0,0
IRIW-SC-011000,0101,1,1,1,0,0,0
IRIW-SC-011000,0110,1,1,1,0,0,0
IRIW-SC-011000,0111,1,1,1,0,0,0
IRIW-SC-011000,1000,1,1,1,0,0,0
IRIW-SC-011000,1001,1,1,1,0,0,0
IRIW-SC-011000,1010,1,1,1,0,0,0
IRIW-SC-011000,1011,1,1,1,0,0,0
IRIW-SC-011000,1100,1,1,1,0,0,0
IRIW-SC-011000,1101,1,1,1,0,0,0
IRIW-SC-011000,1110,1,1,1,0,0,0
IRIW-SC-011000,1111,1,1,1,0,0,0
IRIW-SC-011001,0000,1,1,1,0,0,0
IRIW-SC-011001,0001,1,1,1,0,0,0
IRIW-SC-011001,0010,1,1,1,0,0,0
IRIW-SC-011001,0011,1,1,1,0,0,0
IRIW-SC-011001,0100,1,1,1,0,0,0
IRIW-SC-011001,0101,1,1,1,0,0,0
IRIW-SC-011001,0110,1,1,1,0,0,0
IRIW-SC-011001,0111,1,1,1,0,0,0
IRIW-SC-011001,1000,1,1,1,0,0,0
IRIW-SC-011001,1001,1,1,1,0,0,0
IRIW-SC-011001,1010,1,1,1,0,0,0
IRIW-SC-011001,1011,1,1,1,0,0,0
IRIW-SC-011001,1100,1,1,1,0,0,0
IRIW-SC-011001,1101,1,1,1,0,0,0
IRIW-SC-011001,1110,1,1,1,0,0,0
IRIW-SC-011001,1111,1,1,1,0,0,0
IRIW-SC-011010,0000,1,1,1,0,0,0
IRIW-SC-011010,0001,1,1,1,0,0,0
IRIW-SC-011010,0010,1,1,1,0,0,0
IRIW-SC-011010,0011,1,1,1,0,0,0
IRIW-SC-011010,0100,1,1,1,0,0,0
IRIW-SC-011010,0101,1,1,1,0,0,0
IRIW-SC-011010,0110,1,1,1,0,0,0
IRIW-SC-011010,0111,1,1,1,0,0,0
IRIW-SC-011010,1000,1,1,1,0,0,0
IRIW-SC-011010,1001,1,1,1,0,0,0
IRIW-SC-011010,1010,1,1,1,0,0,0
IRIW-SC-011010,1011,1,1,1,0,0,0
IRIW-SC-011010,1100,1,1,1,0,0,0
IRIW-SC-011010,1101,1,1,1,0,0,0
IRIW-SC-011010,1110,1,1,1,0,0,0
IRIW-SC-011010,1111,1,1,1,0,0,0
IRIW-SC-011011,0000,1,1,1,0,0,0
IRIW-SC-011011,0001,1,1,1,0,0,0
IRIW-SC-011011,0010,1,1,1,0,0,0
IRIW-SC-011011,0011,1,1,1,0,0,0
IRIW-SC-011011,0100,1,1,1,0,0,0
IRIW-SC-011011,0101,1,1,1,0,0,0
IRIW-SC-011011,0110,1,1,1,0,0,0
IRIW-SC-011011,0111,1,1,1,0,0,0
IRIW-SC-011011,1000,1,1,1,0,0,0
IRIW-SC-011011,1001,1,1,1,0,0,0
IRIW-SC-011011,1010,1,1,1,0,0,0
IRIW-SC-011011,1011,1,1,1,0,0,0
IRIW-SC-011011,1100,1,1,1,0,0,0
IRIW-SC-011011,1101,1,1,1,0,0,0
IRIW-SC-011011,1110,1,1,1,0,0,0
IRIW-SC-011011,1111,1,1,1,0,0,0
IRIW-SC-011100,0000,1,1,1,0,0,0
IRIW-SC-011100,0001,1,1,1,0,0,0
IRIW-SC-011100,0010,1,1,1,0,0,0
IRIW-SC-011100,0011,1,1,1,0,0,0
IRIW-SC-011100,0100,1,1,1,0,0,0
IRIW-SC-011100,0101,1,1,1,0,0,0
IRIW-SC-011100,0110,1,1,1,0,0,0
IRIW-SC-011100,0111,1,1,1,0,0,0
IRIW-SC-011100,1000,1,1,1,0,0,0
IRIW-SC-011100,1001,1,1,1,0,0,0
IRIW-SC-011100,1010,1,1,1,0,0,0
IRIW-SC-011100,1011,1,1,1,0,0,0
IRIW-SC-011100,1100,1,1,1,0,0,0
IRIW-SC-011100,1101,1,1,1,0,0,0
IRIW-SC-011100,1110,1,1,1,0,0,0
IRIW-SC-011100,1111,1,1,1,0,0,0
IRIW-SC-011101,0000,1,1,1,0,0,0
IRIW-SC-011101,0001,1,1,1,0,0,0
IRIW-SC-011101,0010,1,1,1,0,0,0
IRIW-SC-011101,0011,1,1,1,0,0,0
IRIW-SC-011101,0100,1,1,1,0,0,0
IRIW-SC-011101,0101,1,1,1,0,0,0
IRIW-SC-011101,0110,1,1,1,0,0,0
IRIW-SC-011101,0111,1,1,1,0,0,0
IRIW-SC-011101,1000,1,1,1,0,0,0
IRIW-SC-011101,1001,1,1,1,0,0,0
IRIW-SC-011101,1010,1,1,1,0,0,0
IRIW-SC-011101,1011,1,1,1,0,0,0
IRIW-SC-011101,1100,1,1,1,0,0,0
IRIW-SC-011101,1101,1,1,1,0,0,0
IRIW-SC-011101,1110,1,1,1,0,0,0
IRIW-SC-011101,1111,1,1,1,0,0,0
IRIW-SC-011110,0000,1,1,1,0,0,0
IRIW-SC-011110,0001,1,1,1,0,0,0
IRIW-SC-011110,0010,1,1,1,0,0,0
IRIW-SC-011110,0011,1,1,1,0,0,0
IRIW-SC-011110,0100,1,1,1,0,0,0
IRIW-SC-011110,0101,1,1,1,0,0,0
IRIW-SC-011110,0110,1,1,1,0,0,0
IRIW-SC-011110,0111,1,1,1,0,0,0
IRIW-SC-011110,1000,1,1,1,0,0,0
IRIW-SC-011110,1001,1,1,1,0,0,0
IRIW-SC-011110,1010,1,1,1,0,0,0
IRIW-SC-011110,1011,1,1,1,0,0,0
IRIW-SC-011110,1100,1,1,1,0,0,0
IRIW-SC-011110,1101,1,1,1,0,0,0
IRIW-SC-011110,1110,1,1,1,0,0,0
IRIW-SC-011110,1111,1,1,1,0,0,0
IRIW-SC-011111,0000,1,1,1,0,0,0
IRIW-SC-011111,0001,1,1,1,0,0,0
IRIW-SC-011111,0010,1,1,1,0,0,0
IRIW-SC-011111,0011,1,1,1,0,0,0
IRIW-SC-011111,0100,1,1,1,0,0,0
IRIW-SC-011111,0101,1,1,1,0,0,0
IRIW-SC-011111,0110,1,1,1,0,0,0
IRIW-SC-011111,0111,1,1,1,0,0,0
IRIW-SC-011111,1000,1,1,1,0,0,0
IRIW-SC-011111,1001,1,1,1,0,0,0
IRIW-SC-011111,1010,1,1,1,0,0,0
IRIW-SC-011111,1011,1,1,1,0,0,0
IRIW-SC-011111,1100,1,1,1,0,0,0
IRIW-SC-011111,1101,1,1,1,0,0,0
IRIW-SC-011111,1110,1,1,1,0,0,0
IRIW-SC-011111,1111,1,1,1,0,0,0
IRIW-SC-100000,0000,1,1,1,0,0,0
IRIW-SC-100000,0001,1,1,1,0,0,0
IRIW-SC-100000,0010,1,1,1,0,0,0
IRIW-SC-100000,0011,1,1,1,0,0,0
IRIW-SC-100000,0100,1,1,1,0,0,0
IRIW-SC-100000,0101,1,1,1,0,0,0
IRIW-SC-100000,0110,1,1,1,0,0,0
IRIW-SC-100000,0111,1,1,1,0,0,0
IRIW-SC-100000,1000,1,1,1,0,0,0
IRIW-SC-100000,1001,1,1,1,0,0,0
IRIW-SC-100000,1010,1,1,1,0,0,0
IRIW-SC-100000,1011,1,1,1,0,0,0
IRIW-SC-100000,1100,1,1,1,0,0,0
IRIW-SC-100000,1101,1,1,1,0,0,0
IRIW-SC-100000,1110,1,1,1,0,0,0
IRIW-SC-100000,1111,1,1,1,0,0,0
IRIW-SC-100001,0000,1,1,1,0,0,0
IRIW-SC-100001,0001,1,1,1,0,0,0
IRIW-SC-100001,0010,1,1,1,0,0,0
IRIW-SC-100001,0011,1,1,1,0,0,0
IRIW-SC-100001,0100,1,1,1,0,0,0
IRIW-SC-100001,0101,1,1,1,0,0,0
IRIW-SC-100001,0110,1,1,1,0,0,0
IRIW-SC-100001,0111,1,1,1,0,0,0
IRIW-SC-100001,1000,1,1,1,0,0,0
IRIW-SC-100001,1001,1,1,1,0,0,0
IRIW-SC-100001,1010,1,1,1,0,0,0
IRIW-SC-100001,1011,1,1,1,0,0,0
IRIW-SC-100001,1100,1,1,1,0,0,0
IRIW-SC-100001,1101,1,1,1,0,0,0
IRIW-SC-100001,1110,1,1,1,0,0,0
IRIW-SC-100001,1111,1,1,1,0,0,0
IRIW-SC-100010,0000,1,1,1,0,0,0
IRIW-SC-100010,0001,1,1,1,0,0,0
IRIW-SC-100010,0010,1,1,1,0,0,0
IRIW-SC-100010,0011,1,1,1,0,0,0
IRIW-SC-100010,0100,1,1,1,0,0,0
IRIW-SC-100010,0101,1,1,1,0,0,0
IRIW-SC-100010,0110,1,1,1,0,0,0
IRIW-SC-100010,0111,1,1,1,0,0,0
IRIW-SC-100010,1000,1,1,1,0,0,0
IRIW-SC-100010,1001,1,1,1,0,0,0
IRIW-SC-100010,1010,1,1,1,0,0,0
IRIW-SC-100010,1011,1,1,1,0,0,0
IRIW-SC-100010,1100,1,1,1,0,0,0
IRIW-SC-100010,1101,1,1,1,0,0,0
IRIW-SC-100010,1110,1,1,1,0,0,0
IRIW-SC-100010,1111,1,1,1,0,0,0
IRIW-SC-100011,0000,1,1,1,0,0,0
IRIW-SC-100011,0001,1,1,1,0,0,0
IRIW-SC-100011,0010,1,1,1,0,0,0
IRIW-SC-100011,0011,1,1,1,0,0,0
IRIW-SC-100011,0100,1,1,1,0,0,0
IRIW-SC-100011,0101,1,1,1,0,0,0
IRIW-SC-100011,0110,1,1,1,0,0,0
IRIW-SC-100011,0111,1,1,1,0,0,0
IRIW-SC-100011,1000,1,1,1,0,0,0
IRIW-SC-100011,1001,1,1,1,0,0,0
IRIW-SC-100011,1010,1,1,1,0,0,0
IRIW-SC-100011,1011,1,1,1,0,0,0
IRIW-SC-100011,1100,1,1,1,0,0,0
IRIW-SC-100011,1101,1,1,1,0,0,0
IRIW-SC-100011,1110,1,1,1,0,0,0
IRIW-SC-100011,1111,1,1,1,0,0,0
IRIW-SC-100100,0000,1,1,1,0,0,0
IRIW-SC-100100,0001,1,1,1,0,0,0
IRIW-SC-100100,0010,1,1,1,0,0,0
IRIW-SC-100100,0011,1,1,1,0,0,0
IRIW-SC-100100,0100,1,1,1,0,0,0
IRIW-SC-100100,0101,1,1,1,0,0,0
IRIW-SC-100100,0110,1,1,1,0,0,0
IRIW-SC-100100,0111,1,1,1,0,0,0
IRIW-SC-100100,1000,1,1,1,0,0,0
IRIW-SC-100100,1001,1,1,1,0,0,0
IRIW-SC-100100,1010,1,1,1,0,0,0
IRIW-SC-100100,1011,1,1,1,0,0,0
IRIW-SC-100100,1100,1,1,1,0,0,0
IRIW-SC-100100,1101,1,1,1,0,0,0
IRIW-SC-100100,1110,1,1,1,0,0,0
IRIW-SC-100100,1111,1,1,1,0,0,0
IRIW-SC-100101,0000,1,1,1,0,0,0
IRIW-SC-100101,0001,1,1,1,0,0,0
IRIW-SC-100101,0010,1,1,1,0,0,0
IRIW-SC-100101,0011,1,1,1,0,0,0
IRIW-SC-100101,0100,1,1,1,0,0,0
IRIW-SC-100101,0101,1,1,1,0,0,0
IRIW-SC-100101,0110,1,1,1,0,0,0
IRIW-SC-100101,0111,1,1,1,0,0,0
IRIW-SC-100101,1000,1,1,1,0,0,0
IRIW-SC-100101,1001,1,1,1,0,0,0
IRIW-SC-100101,1010,1,1,1,0,0,0
IRIW-SC-100101,1011,1,1,1,0,0,0
IRIW-SC-100101,1100,1,1,1,0,0,0
IRIW-SC-100101,1101,1,1,1,0,0,0
IRIW-SC-100101,1110,1,1,1,0,0,0
IRIW-SC-100101,1111,1,1,1,0,0,0
IRIW-SC-100110,0000,1,1,1,0,0,0
IRIW-SC-100110,0001,1,1,1,0,0,0
IRIW-SC-100110,0010,1,1,1,0,0,0
IRIW-SC-100110,0011,1,1,1,0,0,0
IRIW-SC-100110,0100,1,1,1,0,0,0
IRIW-SC-100110,0101,1,1,1,0,0,0
IRIW-SC-100110,0110,1,1,1,0,0,0
IRIW-SC-100110,0111,1,1,1,0,0,0
IRIW-SC-100110,1000,1,1,1,0,0,0
IRIW-SC-100110,1001,1,1,1,0,0,0
IRIW-SC-100110,1010,1,1,1,0,0,0
IRIW-SC-100110,1011,1,1,1,0,0,0
IRIW-SC-100110,1100,1,1,1,0,0,0
IRIW-SC-100110,1101,1,1,1,0,0,0
IRIW-SC-100110,1110,1,1,1,0,0,0
IRIW-SC-100110,1111,1,1,1,0,0,0
IRIW-SC-100111,0000,1,1,1,0,0,0
IRIW-SC-100111,0001,1,1,1,0,0,0
IRIW-SC-100111,0010,1,1,1,0,0,0
IRIW-SC-100111,0011,1,1,1,0,0,0
IRIW-SC-100111,0100,1,1,1,0,0,0
IRIW-SC-100111,0101,1,1,1,0,0,0
IRIW-SC-100111,0110,1,1,1,0,0,0
IRIW-SC-100111,0111,1,1,1,0,0,0
IRIW-SC-100111,1000,1,1,1,0,0,0
IRIW-SC-100111,1001,1,1,1,0,0,0
IRIW-SC-100111,1010,1,1,1,0,0,0
IRIW-SC-100111,1011,1,1,1,0,0,0
IRIW-SC-100111,1100,1,1,1,0,0,0
IRIW-SC-100111,1101,1,1,1,0,0,0
IRIW-SC-100111,1110,1,1,1,0,0,0
IRIW-SC-100111,1111,1,1,1,0,0,0
IRIW-SC-101000,0000,1,1,1,0,0,0
IRIW-SC-101000,0001,1,1,1,0,0,0
IRIW-SC-101000,0010,1,1,1,0,0,0
IRIW-SC-101000,0011,1,1,1,0,0,0
IRIW-SC-101000,0100,1,1,1,0,0,0
IRIW-SC-101000,0101,1,1,1,0,0,0
IRIW-SC-101000,0110,1,1,1,0,0,0
IRIW-SC-101000,0111,1,1,1,0,0,0
IRIW-SC-101000,1000,1,1,1,0,0,0
IRIW-SC-101000,1001,1,1,1,0,0,0
IRIW-SC-101000,1010,1,1,1,0,0,0
IRIW-SC-101000,1011,1,1,1,0,0,0
IRIW-SC-101000,1100,1,1,1,0,0,0
IRIW-SC-101000,1101,1,1,1,0,0,0
IRIW-SC-101000,1110,1,1,1,0,0,0
IRIW-SC-101000,1111,1,1,1,0,0,0
IRIW-SC-101001,0000,1,1,1,0,0,0
IRIW-SC-101001,0001,1,1,1,0,0,0
IRIW-SC-101001,0010,1,1,1,0,0,0
IRIW-SC-101001,0011,1,1,1,0,0,0
IRIW-SC-101001,0100,1,1,1,0,0,0
IRIW-SC-101001,0101,1,1,1,0,0,0
IRIW-SC-101001,0110,1,1,1,0,0,0
IRIW-SC-101001,0111,1,1,1,0,0,0
IRIW-SC-101001,1000,1,1,1,0,0,0
IRIW-SC-101001,1001,1,1,1,0,0,0
IRIW-SC-101001,1010,1,1,1,0,0,0
IRIW-SC-101001,1011,1,1,1,0,0,0
IRIW-SC-101001,1100,1,1,1,0,0,0
IRIW-SC-101001,1101,1,1,1,0,0,0
IRIW-SC-101001,1110,1,1,1,0,0,0
IRIW-SC-101001,1111,1,1,1,0,0,0
IRIW-SC-101010,0000,1,1,1,0,0,0
IRIW-SC-101010,0001,1,1,1,0,0,0
IRIW-SC-101010,0010,1,1,1,0,0,0
IRIW-SC-101010,0011,1,1,1,0,0,0
IRIW-SC-101010,0100,1,1,1,0,0,0
IRIW-SC-101010,0101,1,1,1,0,0,0
IRIW-SC-101010,0110,1,1,1,0,0,0
IRIW-SC-101010,0111,1,1,1,0,0,0
IRIW-SC-101010,1000,1,1,1,0,0,0
IRIW-SC-101010,1001,1,1,1,0,0,0
IRIW-SC-101010,1010,1,1,1,0,0,0
IRIW-SC-101010,1011,1,1,1,0,0,0
IRIW-SC-101010,1100,1,1,1,0,0,0
IRIW-SC-101010,1101,1,1,1,0,0,0
IRIW-SC-101010,1110,1,1,1,0,0,0
IRIW-SC-101010,1111,1,1,1,0,0,0
IRIW-SC-101011,0000,1,1,1,0,0,0
IRIW-SC-101011,0001,1,1,1,0,0,0
IRIW-SC-101011,0010,1,1,1,0,0,0
IRIW-SC-101011,0011,1,1,1,0,0,0
IRIW-SC-101011,0100,1,1,1,0,0,0
IRIW-SC-101011,0101,1,1,1,0,0,0
IRIW-SC-101011,0110,1,1,1,0,0,0
IRIW-SC-101011,0111,1,1,1,0,0,0
IRIW-SC-101011,1000,1,1,1,0,0,0
IRIW-SC-101011,1001,1,1,1,0,0,0
IRIW-SC-101011,1010,1,1,1,0,0,0
IRIW-SC-101011,1011,1,1,1,0,0,0
IRIW-SC-101011,1100,1,1,1,0,0,0
IRIW-SC-101011,1101,1,1,1,0,0,0
IRIW-SC-101011,1110,1,1,1,0,0,0
IRIW-SC-101011,1111,1,1,1,0,0,0
IRIW-SC-101100,0000,1,1,1,0,0,0
IRIW-SC-101100,0001,1,1,1,0,0,0
IRIW-SC-101100,0010,1,1,1,0,0,0
IRIW-SC-101100,0011,1,1,1,0,0,0
IRIW-SC-101100,0100,1,1,1,0,0,0
IRIW-SC-101100,0101,1,1,1,0,0,0
IRIW-SC-101100,0110,1,1,1,0,0,0
IRIW-SC-101100,0111,1,1,1,0,0,0
IRIW-SC-101100,1000,1,1,1,0,0,0
IRIW-SC-101100,1001,1,1,1,0,0,0
IRIW-SC-101100,1010,1,1,1,0,0,0
IRIW-SC-101100,1011,1,1,1,0,0,0
IRIW-SC-101100,1100,1,1,1,0,0,0
IRIW-SC-101100,1101,1,1,1,0,0,0
IRIW-SC-101100,1110,1,1,1,0,0,0
IRIW-SC-101100,1111,1,1,1,0,0,0
IRIW-SC-101101,0000,1,1,1,0,0,0
IRIW-SC-101101,0001,1,1,1,0,0,0
IRIW-SC-101101,0010,1,1,1,0,0,0
IRIW-SC-101101,0011,1,1,1,0,0,0
IRIW-SC-101101,0100,1,1,1,0,0,0
IRIW-SC-101101,0101,1,1,1,0,0,0
IRIW-SC-101101,0110,1,1,1,0,0,0
IRIW-SC-101101,0111,1,1,1,0,0,0
IRIW-SC-101101,1000,1,1,1,0,0,0
IRIW-SC-101101,1001,1,1,1,0,0,0
IRIW-SC-101101,1010,1,1,1,0,0,0
IRIW-SC-101101,1011,1,1,1,0,0,0
IRIW-SC-101101,1100,1,1,1,0,0,0
IRIW-SC-101101,1101,1,1,1,0,0,0
IRIW-SC-101101,1110,1,1,1,0,0,0
IRIW-SC-101101,1111,1,1,1,0,0,0
IRIW-SC-101110,0000,1,1,1,0,0,0
IRIW-SC-101110,0001,1,1,1,0,0,0
IRIW-SC-101110,0010,1,1,1,0,0,0
IRIW-SC-101110,0011,1,1,1,0,0,0
IRIW-SC-101110,0100,1,1,1,0,0,0
IRIW-SC-101110,0101,1,1,1,0,0,0
IRIW-SC-101110,0110,1,1,1,0,0,0
IRIW-SC-101110,0111,1,1,1,0,0,0
IRIW-SC-101110,1000,1,1,1,0,0,0
IRIW-SC-101110,1001,1,1,1,0,0,0
IRIW-SC-101110,1010,1,1,1,0,0,0
IRIW-SC-101110,1011,1,1,1,0,0,0
IRIW-SC-101110,1100,1,1,1,0,0,0
IRIW-SC-101110,1101,1,1,1,0,0,0
IRIW-SC-101110,1110,1,1,1,0,0,0
IRIW-SC-101110,1111,1,1,1,0,0,0
IRIW-SC-101111,0000,1,1,1,0,0,0
IRIW-SC-101111,0001,1,1,1,0,0,0
IRIW-SC-101111,0010,1,1,1,0,0,0
IRIW-SC-101111,0011,1,1,1,0,0,0
IRIW-SC-101111,0100,1,1,1,0,0,0
IRIW-SC-101111,0101,1,1,1,0,0,0
IRIW-SC-101111,0110,1,1,1,0,0,0
IRIW-SC-101111,0111,1,1,1,0,0,0
IRIW-SC-101111,1000,1,1,1,0,0,0
IRIW-SC-101111,1001,1,1,1,0,0,0
IRIW-SC-101111,1010,1,1,1,0,0,0
IRIW-SC-101111,1011,1,1,1,0,0,0
IRIW-SC-101111,1100,1,1,1,0,0,0
IRIW-SC-101111,1101,1,1,1,0,0,0
IRIW-SC-101111,1110,1,1,1,0,0,0
IRIW-SC-101111,1111,1,1,1,0,0,0
IRIW-SC-110000,0000,1,1,1,0,0,0
IRIW-SC-110000,0001,1,1,1,0,0,0
IRIW-SC-110000,0010,1,1,1,0,0,0
IRIW-SC-110000,0011,1,1,1,0,0,0
IRIW-SC-110000,0100,1,1,1,0,0,0
IRIW-SC-110000,0101,1,1,1,0,0,0
IRIW-SC-110000,0110,1,1,1,0,0,0
IRIW-SC-110000,0111,1,1,1,0,0,0
IRIW-SC-110000,1000,1,1,1,0,0,0
IRIW-SC-110000,1001,1,1,1,0,0,0
IRIW-SC-110000,1010,1,1,1,0,0,0
IRIW-SC-110000,1011,1,1,1,0,0,0
IRIW-SC-110000,1100,1,1,1,0,0,0
IRIW-SC-110000,1101,1,1,1,0,0,0
IRIW-SC-110000,1110,1,1,1,0,0,0
IRIW-SC-110000,1111,1,1,1,0,0,0
IRIW-SC-110001,0000,1,1,1,0,0,0
IRIW-SC-110001,0001,1,1,1,0,0,0
IRIW-SC-110001,0010,1,1,1,0,0,0
IRIW-SC-110001,0011,1,1,1,0,0,0
IRIW-SC-110001,0100,1,1,1,0,0,0
IRIW-SC-110001,0101,1,1,1,0,0,0
IRIW-SC-110001,0110,1,1,1,0,0,0
IRIW-SC-110001,0111,1,1,1,0,0,0
IRIW-SC-110001,1000,1,1,1,0,0,0
IRIW-SC-110001,1001,1,1,1,0,0,0
IRIW-SC-110001,1010,1,1,1,0,0,0
IRIW-SC-110001,1011,1,1,1,0,0,0
IRIW-SC-110001,1100,1,1,1,0,0,0
IRIW-SC-110001,1101,1,1,1,0,0,0
IRIW-SC-110001,1110,1,1,1,0,0,0
IRIW-SC-110001,1111,1,1,1,0,0,0
IRIW-SC-110010,0000,1,1,1,0,0,0
IRIW-SC-110010,0001,1,1,1,0,0,0
IRIW-SC-110010,0010,1,1,1,0,0,0
IRIW-SC-110010,0011,1,1,1,0,0,0
IRIW-SC-110010,0100,1,1,1,0,0,0
IRIW-SC-110010,0101,1,1,1,0,0,0
IRIW-SC-110010,0110,1,1,1,0,0,0
IRIW-SC-110010,0111,1,1,1,0,0,0
IRIW-SC-110010,1000,1,1,1,0,0,0
IRIW-SC-110010,1001,1,1,1,0,0,0
IRIW-SC-110010,1010,1,1,1,0,0,0
IRIW-SC-110010,1011,1,1,1,0,0,0
IRIW-SC-110010,1100,1,1,1,0,0,0
IRIW-SC-110010,1101,1,1,1,0,0,0
IRIW-SC-110010,1110,1,1,1,0,0,0
IRIW-SC-110010,1111,1,1,1,0,0,0
IRIW-SC-110011,0000,1,1,1,0,0,0
IRIW-SC-110011,0001,1,1,1,0,0,0
IRIW-SC-110011,0010,1,1,1,0,0,0
IRIW-SC-110011,0011,1,1,1,0,0,0
IRIW-SC-110011,0100,1,1,1,0,0,0
IRIW-SC-110011,0101,1,1,1,0,0,0
IRIW-SC-110011,0110,1,1,1,0,0,0
IRIW-SC-110011,0111,1,1,1,0,0,0
IRIW-SC-110011,1000,1,1,1,0,0,0
IRIW-SC-110011,1001,1,1,1,0,0,0
IRIW-SC-110011,1010,1,1,1,0,0,0
IRIW-SC-110011,1011,1,1,1,0,0,0
IRIW-SC-110011,1100,1,1,1,0,0,0
IRIW-SC-110011,1101,1,1,1,0,0,0
IRIW-SC-110011,1110,1,1,1,0,0,0
IRIW-SC-110011,1111,1,1,1,0,0,0
IRIW-SC-110100,0000,1,1,1,0,0,0
IRIW-SC-110100,0001,1,1,1,0,0,0
IRIW-SC-110100,0010,1,1,1,0,0,0
IRIW-SC-110100,0011,1,1,1,0,0,0
IRIW-SC-110100,0100,1,1,1,0,0,0
IRIW-SC-110100,0101,1,1,1,0,0,0
IRIW-SC-110100,0110,1,1,1,0,0,0
IRIW-SC-110100,0111,1,1,1,0,0,0
IRIW-SC-110100,1000,1,1,1,0,0,0
IRIW-SC-110100,1001,1,1,1,0,0,0
IRIW-SC-110100,1010,1,1,1,0,0,0
IRIW-SC-110100,1011,1,1,1,0,0,0
IRIW-SC-110100,1100,1,1,1,0,0,0
IRIW-SC-110100,1101,1,1,1,0,0,0
IRIW-SC-110100,1110,1,1,1,0,0,0
IRIW-SC-110100,1111,1,1,1,0,0,0
IRIW-SC-110101,0000,1,1,1,0,0,0
IRIW-SC-110101,0001,1,1,1,0,0,0
IRIW-SC-110101,0010,1,1,1,0,0,0
IRIW-SC-110101,0011,1,1,1,0,0,0
IRIW-SC-110101,0100,1,1,1,0,0,0
IRIW-SC-110101,0101,1,1,1,0,0,0
IRIW-SC-110101,0110,1,1,1,0,0,0
IRIW-SC-110101,0111,1,1,1,0,0,0
IRIW-SC-110101,1000,1,1,1,0,0,0
IRIW-SC-110101,1001,1,1,1,0,0,0
IRIW-SC-110101,1010,1,1,1,0,0,0
IRIW-SC-110101,1011,1,1,1,0,0,0
IRIW-SC-110101,1100,1,1,1,0,0,0
IRIW-SC-110101,1101,1,1,1,0,0,0
IRIW-SC-110101,1110,1,1,1,0,0,0
IRIW-SC-110101,1111,1,1,1,0,0,0
IRIW-SC-110110,0000,1,1,1,0,0,0
IRIW-SC-110110,0001,1,1,1,0,0,0
IRIW-SC-110110,0010,1,1,1,0,0,0
IRIW-SC-110110,0011,1,1,1,0,0,0
IRIW-SC-110110,0100,1,1,1,0,0,0
IRIW-SC-110110,0101,1,1,1,0,0,0
IRIW-SC-110110,0110,1,1,1,0,0,0
IRIW-SC-110110,0111,1,1,1,0,0,0
IRIW-SC-110110,1000,1,1,1,0,0,0
IRIW-SC-110110,1001,1,1,1,0,0,0
IRIW-SC-110110,1010,1,1,1,0,0,0
IRIW-SC-110110,1011,1,1,1,0,0,0
IRIW-SC-110110,1100,1,1,1,0,0,0
IRIW-SC-110110,1101,1,1,1,0,0,0
IRIW-SC-110110,1110,1,1,1,0,0,0
IRIW-SC-110110,1111,1,1,1,0,0,0
IRIW-SC-110111,0000,1,1,1,0,0,0
IRIW-SC-110111,0001,1,1,1,0,0,0
IRIW-SC-110111,0010,1,1,1,0,0,0
IRIW-SC-110111,0011,1,1,1,0,0,0
IRIW-SC-110111,0100,1,1,1,0,0,0
IRIW-SC-110111,0101,1,1,1,0,0,0
IRIW-SC-110111,0110,1,1,1,0,0,0
IRIW-SC-110111,0111,1,1,1,0,0,0
IRIW-SC-110111,1000,1,1,1,0,0,0
IRIW-SC-110111,1001,1,1,1,0,0,0
IRIW-SC-110111,1010,1,1,1,0,0,0
IRIW-SC-110111,1011,1,1,1,0,0,0
IRIW-SC-110111,1100,1,1,1,0,0,0
IRIW-SC-110111,1101,1,1,1,0,0,0
IRIW-SC-110111,1110,1,1,1,0,0,0
IRIW-SC-110111,1111,1,1,1,0,0,0
IRIW-SC-111000,0000,1,1,1,0,0,0
IRIW-SC-111000,0001,1,1,1,0,0,0
IRIW-SC-111000,0010,1,1,1,0,0,0
IRIW-SC-111000,0011,1,1,1,0,0,0
IRIW-SC-111000,0100,1,1,1,0,0,0
IRIW-SC-111000,0101,1,1,1,0,0,0
IRIW-SC-111000,0110,1,1,1,0,0,0
IRIW-SC-111000,0111,1,1,1,0,0,0
IRIW-SC-111000,1000,1,1,1,0,0,0
IRIW-SC-111000,1001,1,1,1,0,0,0
IRIW-SC-111000,1010,1,1,1,0,0,0
IRIW-SC-111000,1011,1,1,1,0,0,0
IRIW-SC-111000,1100,1,1,1,0,0,0
IRIW-SC-111000,1101,1,1,1,0,0,0
IRIW-SC-111000,1110,1,1,1,0,0,0
IRIW-SC-111000,1111,1,1,1,0,0,0
IRIW-SC-111001,0000,1,1,1,0,0,0
IRIW-SC-111001,0001,1,1,1,0,0,0
IRIW-SC-111001,0010,1,1,1,0,0,0
IRIW-SC-111001,0011,1,1,1,0,0,0
IRIW-SC-111001,0100,1,1,1,0,0,0
IRIW-SC-111001,0101,1,1,1,0,0,0
IRIW-SC-111001,0110,1,1,1,0,0,0
IRIW-SC-111001,0111,1,1,1,0,0,0
IRIW-SC-111001,1000,1,1,1,0,0,0
IRIW-SC-111001,1001,1,1,1,0,0,0
IRIW-SC-111001,1010,1,1,1,0,0,0
IRIW-SC-111001,1011,1,1,1,0,0,0
IRIW-SC-111001,1100,1,1,1,0,0,0
IRIW-SC-111001,1101,1,1,1,0,0,0
IRIW-SC-111001,1110,1,1,1,0,0,0
IRIW-SC-111001,1111,1,1,1,0,0,0
IRIW-SC-111010,0000,1,1,1,0,0,0
IRIW-SC-111010,0001,1,1,1,0,0,0
IRIW-SC-111010,0010,1,1,1,0,0,0
IRIW-SC-111010,0011,1,1,1,0,0,0
IRIW-SC-111010,0100,1,1,1,0,0,0
IRIW-SC-111010,0101,1,1,1,0,0,0
IRIW-SC-111010,0110,1,1,1,0,0,0
IRIW-SC-111010,0111,1,1,1,0,0,0
IRIW-SC-111010,1000,1,1,1,0,0,0
IRIW-SC-111010,1001,1,1,1,0,0,0
IRIW-SC-111010,1010,1,1,1,0,0,0
IRIW-SC-111010,1011,1,1,1,0,0,0
IRIW-SC-111010,1100,1,1,1,0,0,0
IRIW-SC-111010,1101,1,1,1,0,0,0
IRIW-SC-111010,1110,1,1,1,0,0,0
IRIW-SC-111010,1111,1,1,1,0,0,0
IRIW-SC-111011,0000,1,1,1,0,0,0
IRIW-SC-111011,0001,1,1,1,0,0,0
IRIW-SC-111011,0010,1,1,1,0,0,0
IRIW-SC-111011,0011,1,1,1,0,0,0
IRIW-SC-111011,0100,1,1,1,0,0,0
IRIW-SC-111011,0101,1,1,1,0,0,0
IRIW-SC-111011,0110,1,1,1,0,0,0
IRIW-SC-111011,0111,1,1,1,0,0,0
IRIW-SC-111011,1000,1,1,1,0,0,0
IRIW-SC-111011,1001,1,1,1,0,0,0
IRIW-SC-111011,1010,1,1,1,0,0,0
IRIW-SC-111011,1011,1,1,1,0,0,0
IRIW-SC-111011,1100,1,1,1,0,0,0
IRIW-SC-111011,1101,1,1,1,0,0,0
IRIW-SC-111011,1110,1,1,1,0,0,0
IRIW-SC-111011,1111,1,1,1,0,0,0
IRIW-SC-111100,0000,1,1,1,0,0,0
IRIW-SC-111100,0001,1,1,1,0,0,0
IRIW-SC-111100,0010,1,1,1,0,0,0
IRIW-SC-111100,0011,1,1,1,0,0,0
IRIW-SC-111100,0100,1,1,1,0,0,0
IRIW-SC-111100,0101,1,1,1,0,0,0
IRIW-SC-111100,0110,1,1,1,0,0,0
IRIW-SC-111100,0111,1,1,1,0,0,0
IRIW-SC-111100,1000,1,1,1,0,0,0
IRIW-SC-111100,1001,1,1,1,0,0,0
IRIW-SC-111100,1010,1,1,1,0,0,0
IRIW-SC-111100,1011,1,1,1,0,0,0
IRIW-SC-111100,1100,1,1,1,0,0,0
IRIW-SC-111100,1101,1,1,1,0,0,0
IRIW-SC-111100,1110,1,1,1,0,0,0
IRIW-SC-111100,1111,1,1,1,0,0,0
IRIW-SC-111101,0000,1,1,1,0,0,0
IRIW-SC-111101,0001,1,1,1,0,0,0
IRIW-SC-111101,0010,1,1,1,0,0,0
IRIW-SC-111101,0011,1,1,1,0,0,0
IRIW-SC-111101,0100,1,1,1,0,0,0
IRIW-SC-111101,0101,1,1,1,0,0,0
IRIW-SC-111101,0110,1,1,1,0,0,0
IRIW-SC-111101,0111,1,1,1,0,0,0
IRIW-SC-111101,1000,1,1,1,0,0,0
IRIW-SC-111101,1001,1,1,1,0,0,0
IRIW-SC-111101,1010,1,1,1,0,0,0
IRIW-SC-111101,1011,1,1,1,0,0,0
IRIW-SC-111101,1100,1,1,1,0,0,0
IRIW-SC-111101,1101,1,1,1,0,0,0
IRIW-SC-111101,1110,1,1,1,0,0,0
IRIW-SC-111101,1111,1,1,1,0,0,0
IRIW-SC-111110,0000,1,1,1,0,0,0
IRIW-SC-111110,0001,1,1,1,0,0,0
IRIW-SC-111110,0010,1,1,1,0,0,0
IRIW-SC-111110,0011,1,1,1,0,0,0
IRIW-SC-111110,0100,1,1,1,0,0,0
IRIW-SC-111110,0101,1,1,1,0,0,0
IRIW-SC-111110,0110,1,1,1,0,0,0
IRIW-SC-111110,0111,1,1,1,0,0,0
IRIW-SC-111110,1000,1,1,1,0,0,0
IRIW-SC-111110,1001,1,1,1,0,0,0
IRIW-SC-111110,1010,1,1,1,0,0,0
IRIW-SC-111110,1011,1,1,1,0,0,0
IRIW-SC-111110,1100,1,1,1,0,0,0
IRIW-SC-111110,1101,1,1,1,0,0,0
IRIW-SC-111110,1110,1,1,1,0,0,0
IRIW-SC-111110,1111,1,1,1,0,0,0
IRIW-SC-111111,0000,1,1,1,0,0,0
IRIW-SC-111111,0001,1,1,1,0,0,0
IRIW-SC-111111,0010,1,1,1,0,0,0
IRIW-SC-111111,0011,1,1,1,0,0,0
IRIW-SC-111111,0100,1,1,1,0,0,0
IRIW-SC-111111,0101,1,1,1,0,0,0
IRIW-SC-111111,0110,1,1,1,0,0,0
IRIW-SC-111111,0111,1,1,1,0,0,0
IRIW-SC-111111,1000,1,1,1,0,0,0
IRIW-SC-111111,1001,1,1,1,0,0,0
IRIW-SC-111111,1010,1,0,0,0,1,0
IRIW-SC-111111,1011,1,1,1,0,0,0
IRIW-SC-111111,1100,1,1,1,0,0,0
IRIW-SC-111111,1101,1,1,1,0,0,0
IRIW-SC-111111,1110,1,1,1,0,0,0
IRIW-SC-111111,1111,1,1,1,0,0,0
IRIW-MIX-221212,0000,1,1,1,0,0,0
IRIW-MIX-221212,0001,1,1,1,0,0,0
IRIW-MIX-221212,0010,1,1,1,0,0,0
IRIW-MIX-221212,0011,1,1,1,0,0,0
IRIW-MIX-221212,0100,1,1,1,0,0,0
IRIW-MIX-221212,0101,1,1,1,0,0,0
IRIW-MIX-221212,0110,1,1,1,0,0,0
IRIW-MIX-221212,0111,1,1,1,0,0,0
IRIW-MIX-221212,1000,1,1,1,0,0,0
IRIW-MIX-221212,1001,1,1,1,0,0,0
IRIW-MIX-221212,1010,1,0,1,0,1,0
IRIW-MIX-221212,1011,1,1,1,0,0,0
IRIW-MIX-221212,1100,1,1,1,0,0,0
IRIW-MIX-221212,1101,1,1,1,0,0,0
IRIW-MIX-221212,1110,1,1,1,0,0,0
IRIW-MIX-221212,1111,1,1,1,0,0,0
IRIW-MIX-221222,0000,1,1,1,0,0,0
IRIW-MIX-221222,0001,1,1,1,0,0,0
IRIW-MIX-221222,0010,1,1,1,0,0,0
IRIW-MIX-221222,0011,1,1,1,0,0,0
IRIW-MIX-221222,0100,1,1,1,0,0,0
IRIW-MIX-221222,0101,1,1,1,0,0,0
IRIW-MIX-221222,0110,1,1,1,0,0,0
IRIW-MIX-221222,0111,1,1,1,0,0,0
IRIW-MIX-221222,1000,1,1,1,0,0,0
IRIW-MIX-221222,1001,1,1,1,0,0,0
IRIW-MIX-221222,1010,1,0,1,0,1,0
IRIW-MIX-221222,1011,1,1,1,0,0,0
IRIW-MIX-221222,1100,1,1,1,0,0,0
IRIW-MIX-221222,1101,1,1,1,0,0,0
IRIW-MIX-221222,1110,1,1,1,0,0,0
IRIW-MIX-221222,1111,1,1,1,0,0,0
IRIW-MIX-222212,0000,1,1,1,0,0,0
IRIW-MIX-222212,0001,1,1,1,0,0,0
IRIW-MIX-222212,0010,1,1,1,0,0,0
IRIW-MIX-222212,0011,1,1,1,0,0,0
IRIW-MIX-222212,0100,1,1,1,0,0,0
IRIW-MIX-222212,0101,1,1,1,0,0,0
IRIW-MIX-222212,0110,1,1,1,0,0,0
IRIW-MIX-222212,0111,1,1,1,0,0,0
IRIW-MIX-222212,1000,1,1,1,0,0,0
IRIW-MIX-222212,1001,1,1,1,0,0,0
IRIW-MIX-222212,1010,1,0,1,0,1,0
IRIW-MIX-222212,1011,1,1,1,0,0,0
IRIW-MIX-222212,1100,1,1,1,0,0,0
IRIW-MIX-222212,1101,1,1,1,0,0,0
IRIW-MIX-222212,1110,1,1,1,0,0,0
IRIW-MIX-222212,1111,1,1,1,0,0,0
