program,mask,observed_count,fibers,exact,mixed_fibers,false_rejected_safe_graphs,existential_unsafe_acceptances,inclusion_minimal_exact
CoRR-RA-000,0,0,1,1,0,0,0,1
CoRR-RA-000,1,1,2,1,0,0,0,0
CoRR-RA-000,2,1,2,1,0,0,0,0
CoRR-RA-000,3,2,3,1,0,0,0,0
CoRR-RA-001,0,0,1,1,0,0,0,1
CoRR-RA-001,1,1,2,1,0,0,0,0
CoRR-RA-001,2,1,2,1,0,0,0,0
CoRR-RA-001,3,2,3,1,0,0,0,0
CoRR-RA-010,0,0,1,1,0,0,0,1
CoRR-RA-010,1,1,2,1,0,0,0,0
CoRR-RA-010,2,1,2,1,0,0,0,0
CoRR-RA-010,3,2,3,1,0,0,0,0
CoRR-RA-011,0,0,1,1,0,0,0,1
CoRR-RA-011,1,1,2,1,0,0,0,0
CoRR-RA-011,2,1,2,1,0,0,0,0
CoRR-RA-011,3,2,3,1,0,0,0,0
CoRR-RA-100,0,0,1,1,0,0,0,1
CoRR-RA-100,1,1,2,1,0,0,0,0
CoRR-RA-100,2,1,2,1,0,0,0,0
CoRR-RA-100,3,2,3,1,0,0,0,0
CoRR-RA-101,0,0,1,1,0,0,0,1
CoRR-RA-101,1,1,2,1,0,0,0,0
CoRR-RA-101,2,1,2,1,0,0,0,0
CoRR-RA-101,3,2,3,1,0,0,0,0
CoRR-RA-110,0,0,1,1,0,0,0,1
CoRR-RA-110,1,1,2,1,0,0,0,0
CoRR-RA-110,2,1,2,1,0,0,0,0
CoRR-RA-110,3,2,3,1,0,0,0,0
CoRR-RA-111,0,0,1,1,0,0,0,1
CoRR-RA-111,1,1,2,1,0,0,0,0
CoRR-RA-111,2,1,2,1,0,0,0,0
CoRR-RA-111,3,2,3,1,0,0,0,0
CoRR-SC-001,0,0,1,1,0,0,0,1
CoRR-SC-001,1,1,2,1,0,0,0,0
CoRR-SC-001,2,1,2,1,0,0,0,0
CoRR-SC-001,3,2,3,1,0,0,0,0
CoRR-SC-010,0,0,1,1,0,0,0,1
CoRR-SC-010,1,1,2,1,0,0,0,0
CoRR-SC-010,2,1,2,1,0,0,0,0
CoRR-SC-010,3,2,3,1,0,0,0,0
CoRR-SC-011,0,0,1,1,0,0,0,1
CoRR-SC-011,1,1,2,1,0,0,0,0
CoRR-SC-011,2,1,2,1,0,0,0,0
CoRR-SC-011,3,2,3,1,0,0,0,0
CoRR-SC-100,0,0,1,1,0,0,0,1
CoRR-SC-100,1,1,2,1,0,0,0,0
CoRR-SC-100,2,1,2,1,0,0,0,0
CoRR-SC-100,3,2,3,1,0,0,0,0
CoRR-SC-101,0,0,1,1,0,0,0,1
CoRR-SC-101,1,1,2,1,0,0,0,0
CoRR-SC-101,2,1,2,1,0,0,0,0
CoRR-SC-101,3,2,3,1,0,0,0,0
CoRR-SC-110,0,0,1,1,0,0,0,1
CoRR-SC-110,1,1,2,1,0,0,0,0
CoRR-SC-110,2,1,2,1,0,0,0,0
CoRR-SC-110,3,2,3,1,0,0,0,0
CoRR-SC-111,0,0,1,1,0,0,0,1
CoRR-SC-111,1,1,2,1,0,0,0,0
CoRR-SC-111,2,1,2,1,0,0,0,0
CoRR-SC-111,3,2,3,1,0,0,0,0
MP-RA-0000,0,0,1,1,0,0,0,1
MP-RA-0000,1,1,2,1,0,0,0,0
MP-RA-0000,2,1,2,1,0,0,0,0
MP-RA-0000,3,2,4,1,0,0,0,0
MP-RA-0001,0,0,1,1,0,0,0,1
MP-RA-0001,1,1,2,1,0,0,0,0
MP-RA-0001,2,1,2,1,0,0,0,0
MP-RA-0001,3,2,4,1,0,0,0,0
MP-RA-0010,0,0,1,1,0,0,0,1
MP-RA-0010,1,1,2,1,0,0,0,0
MP-RA-0010,2,1,2,1,0,0,0,0
MP-RA-0010,3,2,4,1,0,0,0,0
MP-RA-0011,0,0,1,1,0,0,0,1
MP-RA-0011,1,1,2,1,0,0,0,0
MP-RA-0011,2,1,2,1,0,0,0,0
MP-RA-0011,3,2,4,1,0,0,0,0
MP-RA-0100,0,0,1,1,0,0,0,1
MP-RA-0100,1,1,2,1,0,0,0,0
MP-RA-0100,2,1,2,1,0,0,0,0
MP-RA-0100,3,2,4,1,0,0,0,0
MP-RA-0101,0,0,1,1,0,0,0,1
MP-RA-0101,1,1,2,1,0,0,0,0
MP-RA-0101,2,1,2,1,0,0,0,0
MP-RA-0101,3,2,4,1,0,0,0,0
MP-RA-0110,0,0,1,0,1,3,1,0
MP-RA-0110,1,1,2,0,1,1,1,0
MP-RA-0110,2,1,2,0,1,1,1,0
MP-RA-0110,3,2,4,1,0,0,0,1
MP-RA-0111,0,0,1,0,1,3,1,0
MP-RA-0111,1,1,2,0,1,1,1,0
MP-RA-0111,2,1,2,0,1,1,1,0
MP-RA-0111,3,2,4,1,0,0,0,1
MP-RA-1000,0,0,1,1,0,0,0,1
MP-RA-1000,1,1,2,1,0,0,0,0
MP-RA-1000,2,1,2,1,0,0,0,0
MP-RA-1000,3,2,4,1,0,0,0,0
MP-RA-1001,0,0,1,1,0,0,0,1
MP-RA-1001,1,1,2,1,0,0,0,0
MP-RA-1001,2,1,2,1,0,0,0,0
MP-RA-1001,3,2,4,1,0,0,0,0
MP-RA-1010,0,0,1,1,0,0,0,1
MP-RA-1010,1,1,2,1,0,0,0,0
MP-RA-1010,2,1,2,1,0,0,0,0
MP-RA-1010,3,2,4,1,0,0,0,0
MP-RA-1011,0,0,1,1,0,0,0,1
MP-RA-1011,1,1,2,1,0,0,0,0
MP-RA-1011,2,1,2,1,0,0,0,0
MP-RA-1011,3,2,4,1,0,0,0,0
MP-RA-1100,0,0,1,1,0,0,0,1
MP-RA-1100,1,1,2,1,0,0,0,0
MP-RA-1100,2,1,2,1,0,0,0,0
MP-RA-1100,3,2,4,1,0,0,0,0
MP-RA-1101,0,0,1,1,0,0,0,1
MP-RA-1101,1,1,2,1,0,0,0,0
MP-RA-1101,2,1,2,1,0,0,0,0
MP-RA-1101,3,2,4,1,0,0,0,0
MP-RA-1110,0,0,1,0,1,3,1,0
MP-RA-1110,1,1,2,0,1,1,1,0
MP-RA-1110,2,1,2,0,1,1,1,0
MP-RA-1110,3,2,4,1,0,0,0,1
MP-RA-1111,0,0,1,0,1,3,1,0
MP-RA-1111,1,1,2,0,1,1,1,0
MP-RA-1111,2,1,2,0,1,1,1,0
MP-RA-1111,3,2,4,1,0,0,0,1
MP-SC-0001,0,0,1,1,0,0,0,1
MP-SC-0001,1,1,2,1,0,0,0,0
MP-SC-0001,2,1,2,1,0,0,0,0
MP-SC-0001,3,2,4,1,0,0,0,0
MP-SC-0010,0,0,1,1,0,0,0,1
MP-SC-0010,1,1,2,1,0,0,0,0
MP-SC-0010,2,1,2,1,0,0,0,0
MP-SC-0010,3,2,4,1,0,0,0,0
MP-SC-0011,0,0,1,1,0,0,0,1
MP-SC-0011,1,1,2,1,0,0,0,0
MP-SC-0011,2,1,2,1,0,0,0,0
MP-SC-0011,3,2,4,1,0,0,0,0
MP-SC-0100,0,0,1,1,0,0,0,1
MP-SC-0100,1,1,2,1,0,0,0,0
MP-SC-0100,2,1,2,1,0,0,0,0
MP-SC-0100,3,2,4,1,0,0,0,0
MP-SC-0101,0,0,1,1,0,0,0,1
MP-SC-0101,1,1,2,1,0,0,0,0
MP-SC-0101,2,1,2,1,0,0,0,0
MP-SC-0101,3,2,4,1,0,0,0,0
MP-SC-0110,0,0,1,0,1,3,1,0
MP-SC-0110,1,1,2,0,1,1,1,0
MP-SC-0110,2,1,2,0,1,1,1,0
MP-SC-0110,3,2,4,1,0,0,0,1
MP-SC-0111,0,0,1,0,1,3,1,0
MP-SC-0111,1,1,2,0,1,1,1,0
MP-SC-0111,2,1,2,0,1,1,1,0
MP-SC-0111,3,2,4,1,0,0,0,1
MP-SC-1000,0,0,1,1,0,0,0,1
MP-SC-1000,1,1,2,1,0,0,0,0
MP-SC-1000,2,1,2,1,0,0,0,0
MP-SC-1000,3,2,4,1,0,0,0,0
MP-SC-1001,0,0,1,1,0,0,0,1
MP-SC-1001,1,1,2,1,0,0,0,0
MP-SC-1001,2,1,2,1,0,0,0,0
MP-SC-1001,3,2,4,1,0,0,0,0
MP-SC-1010,0,0,1,1,0,0,0,1
MP-SC-1010,1,1,2,1,0,0,0,0
MP-SC-1010,2,1,2,1,0,0,0,0
MP-SC-1010,3,2,4,1,0,0,0,0
MP-SC-1011,0,0,1,1,0,0,0,1
MP-SC-1011,1,1,2,1,0,0,0,0
MP-SC-1011,2,1,2,1,0,0,0,0
MP-SC-1011,3,2,4,1,0,0,0,0
MP-SC-1100,0,0,1,1,0,0,0,1
MP-SC-1100,1,1,2,1,0,0,0,0
MP-SC-1100,2,1,2,1,0,0,0,0
MP-SC-1100,3,2,4,1,0,0,0,0
MP-SC-1101,0,0,1,1,0,0,0,1
MP-SC-1101,1,1,2,1,0,0,0,0
MP-SC-1101,2,1,2,1,0,0,0,0
MP-SC-1101,3,2,4,1,0,0,0,0
MP-SC-1110,0,0,1,0,1,3,1,0
MP-SC-1110,1,1,2,0,1,1,1,0
MP-SC-1110,2,1,2,0,1,1,1,0
MP-SC-1110,3,2,4,1,0,0,0,1
MP-SC-1111,0,0,1,0,1,3,1,0
MP-SC-1111,1,1,2,0,1,1,1,0
MP-SC-1111,2,1,2,0,1,1,1,0
MP-SC-1111,3,2,4,1,0,0,0,1
SB-RA-0000,0,0,1,1,0,0,0,1
SB-RA-0000,1,1,2,1,0,0,0,0
SB-RA-0000,2,1,2,1,0,0,0,0
SB-RA-0000,3,2,4,1,0,0,0,0
SB-RA-0001,0,0,1,1,0,0,0,1
SB-RA-0001,1,1,2,1,0,0,0,0
SB-RA-0001,2,1,2,1,0,0,0,0
SB-RA-0001,3,2,4,1,0,0,0,0
SB-RA-0010,0,0,1,1,0,0,0,1
SB-RA-0010,1,1,2,1,0,0,0,0
SB-RA-0010,2,1,2,1,0,0,0,0
SB-RA-0010,3,2,4,1,0,0,0,0
SB-RA-0011,0,0,1,1,0,0,0,1
SB-RA-0011,1,1,2,1,0,0,0,0
SB-RA-0011,2,1,2,1,0,0,0,0
SB-RA-0011,3,2,4,1,0,0,0,0
SB-RA-0100,0,0,1,1,0,0,0,1
SB-RA-0100,1,1,2,1,0,0,0,0
SB-RA-0100,2,1,2,1,0,0,0,0
SB-RA-0100,3,2,4,1,0,0,0,0
SB-RA-0101,0,0,1,1,0,0,0,1
SB-RA-0101,1,1,2,1,0,0,0,0
SB-RA-0101,2,1,2,1,0,0,0,0
SB-RA-0101,3,2,4,1,0,0,0,0
SB-RA-0110,0,0,1,1,0,0,0,1
SB-RA-0110,1,1,2,1,0,0,0,0
SB-RA-0110,2,1,2,1,0,0,0,0
SB-RA-0110,3,2,4,1,0,0,0,0
SB-RA-0111,0,0,1,1,0,0,0,1
SB-RA-0111,1,1,2,1,0,0,0,0
SB-RA-0111,2,1,2,1,0,0,0,0
SB-RA-0111,3,2,4,1,0,0,0,0
SB-RA-1000,0,0,1,1,0,0,0,1
SB-RA-1000,1,1,2,1,0,0,0,0
SB-RA-1000,2,1,2,1,0,0,0,0
SB-RA-1000,3,2,4,1,0,0,0,0
SB-RA-1001,0,0,1,1,0,0,0,1
SB-RA-1001,1,1,2,1,0,0,0,0
SB-RA-1001,2,1,2,1,0,0,0,0
SB-RA-1001,3,2,4,1,0,0,0,0
SB-RA-1010,0,0,1,1,0,0,0,1
SB-RA-1010,1,1,2,1,0,0,0,0
SB-RA-1010,2,1,2,1,0,0,0,0
SB-RA-1010,3,2,4,1,0,0,0,0
SB-RA-1011,0,0,1,1,0,0,0,1
SB-RA-1011,1,1,2,1,0,0,0,0
SB-RA-1011,2,1,2,1,0,0,0,0
SB-RA-1011,3,2,4,1,0,0,0,0
SB-RA-1100,0,0,1,1,0,0,0,1
SB-RA-1100,1,1,2,1,0,0,0,0
SB-RA-1100,2,1,2,1,0,0,0,0
SB-RA-1100,3,2,4,1,0,0,0,0
SB-RA-1101,0,0,1,1,0,0,0,1
SB-RA-1101,1,1,2,1,0,0,0,0
SB-RA-1101,2,1,2,1,0,0,0,0
SB-RA-1101,3,2,4,1,0,0,0,0
SB-RA-1110,0,0,1,1,0,0,0,1
SB-RA-1110,1,1,2,1,0,0,0,0
SB-RA-1110,2,1,2,1,0,0,0,0
SB-RA-1110,3,2,4,1,0,0,0,0
SB-RA-1111,0,0,1,1,0,0,0,1
SB-RA-1111,1,1,2,1,0,0,0,0
SB-RA-1111,2,1,2,1,0,0,0,0
SB-RA-1111,3,2,4,1,0,0,0,0
SB-SC-0001,0,0,1,1,0,0,0,1
SB-SC-0001,1,1,2,1,0,0,0,0
SB-SC-0001,2,1,2,1,0,0,0,0
SB-SC-0001,3,2,4,1,0,0,0,0
SB-SC-0010,0,0,1,1,0,0,0,1
SB-SC-0010,1,1,2,1,0,0,0,0
SB-SC-0010,2,1,2,1,0,0,0,0
SB-SC-0010,3,2,4,1,0,0,0,0
SB-SC-0011,0,0,1,1,0,0,0,1
SB-SC-0011,1,1,2,1,0,0,0,0
SB-SC-0011,2,1,2,1,0,0,0,0
SB-SC-0011,3,2,4,1,0,0,0,0
SB-SC-0100,0,0,1,1,0,0,0,1
SB-SC-0100,1,1,2,1,0,0,0,0
SB-SC-0100,2,1,2,1,0,0,0,0
SB-SC-0100,3,2,4,1,0,0,0,0
SB-SC-0101,0,0,1,1,0,0,0,1
SB-SC-0101,1,1,2,1,0,0,0,0
SB-SC-0101,2,1,2,1,0,0,0,0
SB-SC-0101,3,2,4,1,0,0,0,0
SB-SC-0110,0,0,1,1,0,0,0,1
SB-SC-0110,1,1,2,1,0,0,0,0
SB-SC-0110,2,1,2,1,0,0,0,0
SB-SC-0110,3,2,4,1,0,0,0,0
SB-SC-0111,0,0,1,1,0,0,0,1
SB-SC-0111,1,1,2,1,0,0,0,0
SB-SC-0111,2,1,2,1,0,0,0,0
SB-SC-0111,3,2,4,1,0,0,0,0
SB-SC-1000,0,0,1,1,0,0,0,1
SB-SC-1000,1,1,2,1,0,0,0,0
SB-SC-1000,2,1,2,1,0,0,0,0
SB-SC-1000,3,2,4,1,0,0,0,0
SB-SC-1001,0,0,1,1,0,0,0,1
SB-SC-1001,1,1,2,1,0,0,0,0
SB-SC-1001,2,1,2,1,0,0,0,0
SB-SC-1001,3,2,4,1,0,0,0,0
SB-SC-1010,0,0,1,1,0,0,0,1
SB-SC-1010,1,1,2,1,0,0,0,0
SB-SC-1010,2,1,2,1,0,0,0,0
SB-SC-1010,3,2,4,1,0,0,0,0
SB-SC-1011,0,0,1,1,0,0,0,1
SB-SC-1011,1,1,2,1,0,0,0,0
SB-SC-1011,2,1,2,1,0,0,0,0
SB-SC-1011,3,2,4,1,0,0,0,0
SB-SC-1100,0,0,1,1,0,0,0,1
SB-SC-1100,1,1,2,1,0,0,0,0
SB-SC-1100,2,1,2,1,0,0,0,0
SB-SC-1100,3,2,4,1,0,0,0,0
SB-SC-1101,0,0,1,1,0,0,0,1
SB-SC-1101,1,1,2,1,0,0,0,0
SB-SC-1101,2,1,2,1,0,0,0,0
SB-SC-1101,3,2,4,1,0,0,0,0
SB-SC-1110,0,0,1,1,0,0,0,1
SB-SC-1110,1,1,2,1,0,0,0,0
SB-SC-1110,2,1,2,1,0,0,0,0
SB-SC-1110,3,2,4,1,0,0,0,0
SB-SC-1111,0,0,1,0,1,3,1,0
SB-SC-1111,1,1,2,0,1,1,1,0
SB-SC-1111,2,1,2,0,1,1,1,0
SB-SC-1111,3,2,4,1,0,0,0,1
WRC-RA-00000,0,0,1,1,0,0,0,1
WRC-RA-00000,1,1,2,1,0,0,0,0
WRC-RA-00000,2,1,2,1,0,0,0,0
WRC-RA-00000,3,2,4,1,0,0,0,0
WRC-RA-00000,4,1,2,1,0,0,0,0
WRC-RA-00000,5,2,4,1,0,0,0,0
WRC-RA-00000,6,2,4,1,0,0,0,0
WRC-RA-00000,7,3,8,1,0,0,0,0
WRC-RA-00001,0,0,1,1,0,0,0,1
WRC-RA-00001,1,1,2,1,0,0,0,0
WRC-RA-00001,2,1,2,1,0,0,0,0
WRC-RA-00001,3,2,4,1,0,0,0,0
WRC-RA-00001,4,1,2,1,0,0,0,0
WRC-RA-00001,5,2,4,1,0,0,0,0
WRC-RA-00001,6,2,4,1,0,0,0,0
WRC-RA-00001,7,3,8,1,0,0,0,0
WRC-RA-00010,0,0,1,1,0,0,0,1
WRC-RA-00010,1,1,2,1,0,0,0,0
WRC-RA-00010,2,1,2,1,0,0,0,0
WRC-RA-00010,3,2,4,1,0,0,0,0
WRC-RA-00010,4,1,2,1,0,0,0,0
WRC-RA-00010,5,2,4,1,0,0,0,0
WRC-RA-00010,6,2,4,1,0,0,0,0
WRC-RA-00010,7,3,8,1,0,0,0,0
WRC-RA-00011,0,0,1,1,0,0,0,1
WRC-RA-00011,1,1,2,1,0,0,0,0
WRC-RA-00011,2,1,2,1,0,0,0,0
WRC-RA-00011,3,2,4,1,0,0,0,0
WRC-RA-00011,4,1,2,1,0,0,0,0
WRC-RA-00011,5,2,4,1,0,0,0,0
WRC-RA-00011,6,2,4,1,0,0,0,0
WRC-RA-00011,7,3,8,1,0,0,0,0
WRC-RA-00100,0,0,1,1,0,0,0,1
WRC-RA-00100,1,1,2,1,0,0,0,0
WRC-RA-00100,2,1,2,1,0,0,0,0
WRC-RA-00100,3,2,4,1,0,0,0,0
WRC-RA-00100,4,1,2,1,0,0,0,0
WRC-RA-00100,5,2,4,1,0,0,0,0
WRC-RA-00100,6,2,4,1,0,0,0,0
WRC-RA-00100,7,3,8,1,0,0,0,0
WRC-RA-00101,0,0,1,1,0,0,0,1
WRC-RA-00101,1,1,2,1,0,0,0,0
WRC-RA-00101,2,1,2,1,0,0,0,0
WRC-RA-00101,3,2,4,1,0,0,0,0
WRC-RA-00101,4,1,2,1,0,0,0,0
WRC-RA-00101,5,2,4,1,0,0,0,0
WRC-RA-00101,6,2,4,1,0,0,0,0
WRC-RA-00101,7,3,8,1,0,0,0,0
WRC-RA-00110,0,0,1,0,1,7,1,0
WRC-RA-00110,1,1,2,0,1,3,1,0
WRC-RA-00110,2,1,2,0,1,3,1,0
WRC-RA-00110,3,2,4,0,1,1,1,0
WRC-RA-00110,4,1,2,0,1,3,1,0
WRC-RA-00110,5,2,4,0,1,1,1,0
WRC-RA-00110,6,2,4,0,1,1,1,0
WRC-RA-00110,7,3,8,1,0,0,0,1
WRC-RA-00111,0,0,1,0,1,7,1,0
WRC-RA-00111,1,1,2,0,1,3,1,0
WRC-RA-00111,2,1,2,0,1,3,1,0
WRC-RA-00111,3,2,4,0,1,1,1,0
WRC-RA-00111,4,1,2,0,1,3,1,0
WRC-RA-00111,5,2,4,0,1,1,1,0
WRC-RA-00111,6,2,4,0,1,1,1,0
WRC-RA-00111,7,3,8,1,0,0,0,1
WRC-RA-01000,0,0,1,1,0,0,0,1
WRC-RA-01000,1,1,2,1,0,0,0,0
WRC-RA-01000,2,1,2,1,0,0,0,0
WRC-RA-01000,3,2,4,1,0,0,0,0
WRC-RA-01000,4,1,2,1,0,0,0,0
WRC-RA-01000,5,2,4,1,0,0,0,0
WRC-RA-01000,6,2,4,1,0,0,0,0
WRC-RA-01000,7,3,8,1,0,0,0,0
WRC-RA-01001,0,0,1,1,0,0,0,1
WRC-RA-01001,1,1,2,1,0,0,0,0
WRC-RA-01001,2,1,2,1,0,0,0,0
WRC-RA-01001,3,2,4,1,0,0,0,0
WRC-RA-01001,4,1,2,1,0,0,0,0
WRC-RA-01001,5,2,4,1,0,0,0,0
WRC-RA-01001,6,2,4,1,0,0,0,0
WRC-RA-01001,7,3,8,1,0,0,0,0
WRC-RA-01010,0,0,1,1,0,0,0,1
WRC-RA-01010,1,1,2,1,0,0,0,0
WRC-RA-01010,2,1,2,1,0,0,0,0
WRC-RA-01010,3,2,4,1,0,0,0,0
WRC-RA-01010,4,1,2,1,0,0,0,0
WRC-RA-01010,5,2,4,1,0,0,0,0
WRC-RA-01010,6,2,4,1,0,0,0,0
WRC-RA-01010,7,3,8,1,0,0,0,0
WRC-RA-01011,0,0,1,1,0,0,0,1
WRC-RA-01011,1,1,2,1,0,0,0,0
WRC-RA-01011,2,1,2,1,0,0,0,0
WRC-RA-01011,3,2,4,1,0,0,0,0
WRC-RA-01011,4,1,2,1,0,0,0,0
WRC-RA-01011,5,2,4,1,0,0,0,0
WRC-RA-01011,6,2,4,1,0,0,0,0
WRC-RA-01011,7,3,8,1,0,0,0,0
WRC-RA-01100,0,0,1,1,0,0,0,1
WRC-RA-01100,1,1,2,1,0,0,0,0
WRC-RA-01100,2,1,2,1,0,0,0,0
WRC-RA-01100,3,2,4,1,0,0,0,0
WRC-RA-01100,4,1,2,1,0,0,0,0
WRC-RA-01100,5,2,4,1,0,0,0,0
WRC-RA-01100,6,2,4,1,0,0,0,0
WRC-RA-01100,7,3,8,1,0,0,0,0
WRC-RA-01101,0,0,1,1,0,0,0,1
WRC-RA-01101,1,1,2,1,0,0,0,0
WRC-RA-01101,2,1,2,1,0,0,0,0
WRC-RA-01101,3,2,4,1,0,0,0,0
WRC-RA-01101,4,1,2,1,0,0,0,0
WRC-RA-01101,5,2,4,1,0,0,0,0
WRC-RA-01101,6,2,4,1,0,0,0,0
WRC-RA-01101,7,3,8,1,0,0,0,0
WRC-RA-01110,0,0,1,0,1,7,1,0
WRC-RA-01110,1,1,2,0,1,3,1,0
WRC-RA-01110,2,1,2,0,1,3,1,0
WRC-RA-01110,3,2,4,0,1,1,1,0
WRC-RA-01110,4,1,2,0,1,3,1,0
WRC-RA-01110,5,2,4,0,1,1,1,0
WRC-RA-01110,6,2,4,0,1,1,1,0
WRC-RA-01110,7,3,8,1,0,0,0,1
WRC-RA-01111,0,0,1,0,1,7,1,0
WRC-RA-01111,1,1,2,0,1,3,1,0
WRC-RA-01111,2,1,2,0,1,3,1,0
WRC-RA-01111,3,2,4,0,1,1,1,0
WRC-RA-01111,4,1,2,0,1,3,1,0
WRC-RA-01111,5,2,4,0,1,1,1,0
WRC-RA-01111,6,2,4,0,1,1,1,0
WRC-RA-01111,7,3,8,1,0,0,0,1
WRC-RA-10000,0,0,1,1,0,0,0,1
WRC-RA-10000,1,1,2,1,0,0,0,0
WRC-RA-10000,2,1,2,1,0,0,0,0
WRC-RA-10000,3,2,4,1,0,0,0,0
WRC-RA-10000,4,1,2,1,0,0,0,0
WRC-RA-10000,5,2,4,1,0,0,0,0
WRC-RA-10000,6,2,4,1,0,0,0,0
WRC-RA-10000,7,3,8,1,0,0,0,0
WRC-RA-10001,0,0,1,1,0,0,0,1
WRC-RA-10001,1,1,2,1,0,0,0,0
WRC-RA-10001,2,1,2,1,0,0,0,0
WRC-RA-10001,3,2,4,1,0,0,0,0
WRC-RA-10001,4,1,2,1,0,0,0,0
WRC-RA-10001,5,2,4,1,0,0,0,0
WRC-RA-10001,6,2,4,1,0,0,0,0
WRC-RA-10001,7,3,8,1,0,0,0,0
WRC-RA-10010,0,0,1,1,0,0,0,1
WRC-RA-10010,1,1,2,1,0,0,0,0
WRC-RA-10010,2,1,2,1,0,0,0,0
WRC-RA-10010,3,2,4,1,0,0,0,0
WRC-RA-10010,4,1,2,1,0,0,0,0
WRC-RA-10010,5,2,4,1,0,0,0,0
WRC-RA-10010,6,2,4,1,0,0,0,0
WRC-RA-10010,7,3,8,1,0,0,0,0
WRC-RA-10011,0,0,1,1,0,0,0,1
WRC-RA-10011,1,1,2,1,0,0,0,0
WRC-RA-10011,2,1,2,1,0,0,0,0
WRC-RA-10011,3,2,4,1,0,0,0,0
WRC-RA-10011,4,1,2,1,0,0,0,0
WRC-RA-10011,5,2,4,1,0,0,0,0
WRC-RA-10011,6,2,4,1,0,0,0,0
WRC-RA-10011,7,3,8,1,0,0,0,0
WRC-RA-10100,0,0,1,1,0,0,0,1
WRC-RA-10100,1,1,2,1,0,0,0,0
WRC-RA-10100,2,1,2,1,0,0,0,0
WRC-RA-10100,3,2,4,1,0,0,0,0
WRC-RA-10100,4,1,2,1,0,0,0,0
WRC-RA-10100,5,2,4,1,0,0,0,0
WRC-RA-10100,6,2,4,1,0,0,0,0
WRC-RA-10100,7,3,8,1,0,0,0,0
WRC-RA-10101,0,0,1,1,0,0,0,1
WRC-RA-10101,1,1,2,1,0,0,0,0
WRC-RA-10101,2,1,2,1,0,0,0,0
WRC-RA-10101,3,2,4,1,0,0,0,0
WRC-RA-10101,4,1,2,1,0,0,0,0
WRC-RA-10101,5,2,4,1,0,0,0,0
WRC-RA-10101,6,2,4,1,0,0,0,0
WRC-RA-10101,7,3,8,1,0,0,0,0
WRC-RA-10110,0,0,1,0,1,7,1,0
WRC-RA-10110,1,1,2,0,1,3,1,0
WRC-RA-10110,2,1,2,0,1,3,1,0
WRC-RA-10110,3,2,4,0,1,1,1,0
WRC-RA-10110,4,1,2,0,1,3,1,0
WRC-RA-10110,5,2,4,0,1,1,1,0
WRC-RA-10110,6,2,4,0,1,1,1,0
WRC-RA-10110,7,3,8,1,0,0,0,1
WRC-RA-10111,0,0,1,0,1,7,1,0
WRC-RA-10111,1,1,2,0,1,3,1,0
WRC-RA-10111,2,1,2,0,1,3,1,0
WRC-RA-10111,3,2,4,0,1,1,1,0
WRC-RA-10111,4,1,2,0,1,3,1,0
WRC-RA-10111,5,2,4,0,1,1,1,0
WRC-RA-10111,6,2,4,0,1,1,1,0
WRC-RA-10111,7,3,8,1,0,0,0,1
WRC-RA-11000,0,0,1,1,0,0,0,1
WRC-RA-11000,1,1,2,1,0,0,0,0
WRC-RA-11000,2,1,2,1,0,0,0,0
WRC-RA-11000,3,2,4,1,0,0,0,0
WRC-RA-11000,4,1,2,1,0,0,0,0
WRC-RA-11000,5,2,4,1,0,0,0,0
WRC-RA-11000,6,2,4,1,0,0,0,0
WRC-RA-11000,7,3,8,1,0,0,0,0
WRC-RA-11001,0,0,1,1,0,0,0,1
WRC-RA-11001,1,1,2,1,0,0,0,0
WRC-RA-11001,2,1,2,1,0,0,0,0
WRC-RA-11001,3,2,4,1,0,0,0,0
WRC-RA-11001,4,1,2,1,0,0,0,0
WRC-RA-11001,5,2,4,1,0,0,0,0
WRC-RA-11001,6,2,4,1,0,0,0,0
WRC-RA-11001,7,3,8,1,0,0,0,0
WRC-RA-11010,0,0,1,1,0,0,0,1
WRC-RA-11010,1,1,2,1,0,0,0,0
WRC-RA-11010,2,1,2,1,0,0,0,0
WRC-RA-11010,3,2,4,1,0,0,0,0
WRC-RA-11010,4,1,2,1,0,0,0,0
WRC-RA-11010,5,2,4,1,0,0,0,0
WRC-RA-11010,6,2,4,1,0,0,0,0
WRC-RA-11010,7,3,8,1,0,0,0,0
WRC-RA-11011,0,0,1,1,0,0,0,1
WRC-RA-11011,1,1,2,1,0,0,0,0
WRC-RA-11011,2,1,2,1,0,0,0,0
WRC-RA-11011,3,2,4,1,0,0,0,0
WRC-RA-11011,4,1,2,1,0,0,0,0
WRC-RA-11011,5,2,4,1,0,0,0,0
WRC-RA-11011,6,2,4,1,0,0,0,0
WRC-RA-11011,7,3,8,1,0,0,0,0
WRC-RA-11100,0,0,1,1,0,0,0,1
WRC-RA-11100,1,1,2,1,0,0,0,0
WRC-RA-11100,2,1,2,1,0,0,0,0
WRC-RA-11100,3,2,4,1,0,0,0,0
WRC-RA-11100,4,1,2,1,0,0,0,0
WRC-RA-11100,5,2,4,1,0,0,0,0
WRC-RA-11100,6,2,4,1,0,0,0,0
WRC-RA-11100,7,3,8,1,0,0,0,0
WRC-RA-11101,0,0,1,1,0,0,0,1
WRC-RA-11101,1,1,2,1,0,0,0,0
WRC-RA-11101,2,1,2,1,0,0,0,0
WRC-RA-11101,3,2,4,1,0,0,0,0
WRC-RA-11101,4,1,2,1,0,0,0,0
WRC-RA-11101,5,2,4,1,0,0,0,0
WRC-RA-11101,6,2,4,1,0,0,0,0
WRC-RA-11101,7,3,8,1,0,0,0,0
WRC-RA-11110,0,0,1,0,1,7,1,0
WRC-RA-11110,1,1,2,0,1,3,1,0
WRC-RA-11110,2,1,2,0,1,3,1,0
WRC-RA-11110,3,2,4,0,1,1,1,0
WRC-RA-11110,4,1,2,0,1,3,1,0
WRC-RA-11110,5,2,4,0,1,1,1,0
WRC-RA-11110,6,2,4,0,1,1,1,0
WRC-RA-11110,7,3,8,1,0,0,0,1
WRC-RA-11111,0,0,1,0,1,7,1,0
WRC-RA-11111,1,1,2,0,1,3,1,0
WRC-RA-11111,2,1,2,0,1,3,1,0
WRC-RA-11111,3,2,4,0,1,1,1,0
WRC-RA-11111,4,1,2,0,1,3,1,0
WRC-RA-11111,5,2,4,0,1,1,1,0
WRC-RA-11111,6,2,4,0,1,1,1,0
WRC-RA-11111,7,3,8,1,0,0,0,1
WRC-SC-00001,0,0,1,1,0,0,0,1
WRC-SC-00001,1,1,2,1,0,0,0,0
WRC-SC-00001,2,1,2,1,0,0,0,0
WRC-SC-00001,3,2,4,1,0,0,0,0
WRC-SC-00001,4,1,2,1,0,0,0,0
WRC-SC-00001,5,2,4,1,0,0,0,0
WRC-SC-00001,6,2,4,1,0,0,0,0
WRC-SC-00001,7,3,8,1,0,0,0,0
WRC-SC-00010,0,0,1,1,0,0,0,1
WRC-SC-00010,1,1,2,1,0,0,0,0
WRC-SC-00010,2,1,2,1,0,0,0,0
WRC-SC-00010,3,2,4,1,0,0,0,0
WRC-SC-00010,4,1,2,1,0,0,0,0
WRC-SC-00010,5,2,4,1,0,0,0,0
WRC-SC-00010,6,2,4,1,0,0,0,0
WRC-SC-00010,7,3,8,1,0,0,0,0
WRC-SC-00011,0,0,1,1,0,0,0,1
WRC-SC-00011,1,1,2,1,0,0,0,0
WRC-SC-00011,2,1,2,1,0,0,0,0
WRC-SC-00011,3,2,4,1,0,0,0,0
WRC-SC-00011,4,1,2,1,0,0,0,0
WRC-SC-00011,5,2,4,1,0,0,0,0
WRC-SC-00011,6,2,4,1,0,0,0,0
WRC-SC-00011,7,3,8,1,0,0,0,0
WRC-SC-00100,0,0,1,1,0,0,0,1
WRC-SC-00100,1,1,2,1,0,0,0,0
WRC-SC-00100,2,1,2,1,0,0,0,0
WRC-SC-00100,3,2,4,1,0,0,0,0
WRC-SC-00100,4,1,2,1,0,0,0,0
WRC-SC-00100,5,2,4,1,0,0,0,0
WRC-SC-00100,6,2,4,1,0,0,0,0
WRC-SC-00100,7,3,8,1,0,0,0,0
WRC-SC-00101,0,0,1,1,0,0,0,1
WRC-SC-00101,1,1,2,1,0,0,0,0
WRC-SC-00101,2,1,2,1,0,0,0,0
WRC-SC-00101,3,2,4,1,0,0,0,0
WRC-SC-00101,4,1,2,1,0,0,0,0
WRC-SC-00101,5,2,4,1,0,0,0,0
WRC-SC-00101,6,2,4,1,0,0,0,0
WRC-SC-00101,7,3,8,1,0,0,0,0
WRC-SC-00110,0,0,1,0,1,7,1,0
WRC-SC-00110,1,1,2,0,1,3,1,0
WRC-SC-00110,2,1,2,0,1,3,1,0
WRC-SC-00110,3,2,4,0,1,1,1,0
WRC-SC-00110,4,1,2,0,1,3,1,0
WRC-SC-00110,5,2,4,0,1,1,1,0
WRC-SC-00110,6,2,4,0,1,1,1,0
WRC-SC-00110,7,3,8,1,0,0,0,1
WRC-SC-00111,0,0,1,0,1,7,1,0
WRC-SC-00111,1,1,2,0,1,3,1,0
WRC-SC-00111,2,1,2,0,1,3,1,0
WRC-SC-00111,3,2,4,0,1,1,1,0
WRC-SC-00111,4,1,2,0,1,3,1,0
WRC-SC-00111,5,2,4,0,1,1,1,0
WRC-SC-00111,6,2,4,0,1,1,1,0
WRC-SC-00111,7,3,8,1,0,0,0,1
WRC-SC-01000,0,0,1,1,0,0,0,1
WRC-SC-01000,1,1,2,1,0,0,0,0
WRC-SC-01000,2,1,2,1,0,0,0,0
WRC-SC-01000,3,2,4,1,0,0,0,0
WRC-SC-01000,4,1,2,1,0,0,0,0
WRC-SC-01000,5,2,4,1,0,0,0,0
WRC-SC-01000,6,2,4,1,0,0,0,0
WRC-SC-01000,7,3,8,1,0,0,0,0
WRC-SC-01001,0,0,1,1,0,0,0,1
WRC-SC-01001,1,1,2,1,0,0,0,0
WRC-SC-01001,2,1,2,1,0,0,0,0
WRC-SC-01001,3,2,4,1,0,0,0,0
WRC-SC-01001,4,1,2,1,0,0,0,0
WRC-SC-01001,5,2,4,1,0,0,0,0
WRC-SC-01001,6,2,4,1,0,0,0,0
WRC-SC-01001,7,3,8,1,0,0,0,0
WRC-SC-01010,0,0,1,1,0,0,0,1
WRC-SC-01010,1,1,2,1,0,0,0,0
WRC-SC-01010,2,1,2,1,0,0,0,0
WRC-SC-01010,3,2,4,1,0,0,0,0
WRC-SC-01010,4,1,2,1,0,0,0,0
WRC-SC-01010,5,2,4,1,0,0,0,0
WRC-SC-01010,6,2,4,1,0,0,0,0
WRC-SC-01010,7,3,8,1,0,0,0,0
WRC-SC-01011,0,0,1,1,0,0,0,1
WRC-SC-01011,1,1,2,1,0,0,0,0
WRC-SC-01011,2,1,2,1,0,0,0,0
WRC-SC-01011,3,2,4,1,0,0,0,0
WRC-SC-01011,4,1,2,1,0,0,0,0
WRC-SC-01011,5,2,4,1,0,0,0,0
WRC-SC-01011,6,2,4,1,0,0,0,0
WRC-SC-01011,7,3,8,1,0,0,0,0
WRC-SC-01100,0,0,1,1,0,0,0,1
WRC-SC-01100,1,1,2,1,0,0,0,0
WRC-SC-01100,2,1,2,1,0,0,0,0
WRC-SC-01100,3,2,4,1,0,0,0,0
WRC-SC-01100,4,1,2,1,0,0,0,0
WRC-SC-01100,5,2,4,1,0,0,0,0
WRC-SC-01100,6,2,4,1,0,0,0,0
WRC-SC-01100,7,3,8,1,0,0,0,0
WRC-SC-01101,0,0,1,1,0,0,0,1
WRC-SC-01101,1,1,2,1,0,0,0,0
WRC-SC-01101,2,1,2,1,0,0,0,0
WRC-SC-01101,3,2,4,1,0,0,0,0
WRC-SC-01101,4,1,2,1,0,0,0,0
WRC-SC-01101,5,2,4,1,0,0,0,0
WRC-SC-01101,6,2,4,1,0,0,0,0
WRC-SC-01101,7,3,8,1,0,0,0,0
WRC-SC-01110,0,0,1,0,1,7,1,0
WRC-SC-01110,1,1,2,0,1,3,1,0
WRC-SC-01110,2,1,2,0,1,3,1,0
WRC-SC-01110,3,2,4,0,1,1,1,0
WRC-SC-01110,4,1,2,0,1,3,1,0
WRC-SC-01110,5,2,4,0,1,1,1,0
WRC-SC-01110,6,2,4,0,1,1,1,0
WRC-SC-01110,7,3,8,1,0,0,0,1
WRC-SC-01111,0,0,1,0,1,7,1,0
WRC-SC-01111,1,1,2,0,1,3,1,0
WRC-SC-01111,2,1,2,0,1,3,1,0
WRC-SC-01111,3,2,4,0,1,1,1,0
WRC-SC-01111,4,1,2,0,1,3,1,0
WRC-SC-01111,5,2,4,0,1,1,1,0
WRC-SC-01111,6,2,4,0,1,1,1,0
WRC-SC-01111,7,3,8,1,0,0,0,1
WRC-SC-10000,0,0,1,1,0,0,0,1
WRC-SC-10000,1,1,2,1,0,0,0,0
WRC-SC-10000,2,1,2,1,0,0,0,0
WRC-SC-10000,3,2,4,1,0,0,0,0
WRC-SC-10000,4,1,2,1,0,0,0,0
WRC-SC-10000,5,2,4,1,0,0,0,0
WRC-SC-10000,6,2,4,1,0,0,0,0
WRC-SC-10000,7,3,8,1,0,0,0,0
WRC-SC-10001,0,0,1,1,0,0,0,1
WRC-SC-10001,1,1,2,1,0,0,0,0
WRC-SC-10001,2,1,2,1,0,0,0,0
WRC-SC-10001,3,2,4,1,0,0,0,0
WRC-SC-10001,4,1,2,1,0,0,0,0
WRC-SC-10001,5,2,4,1,0,0,0,0
WRC-SC-10001,6,2,4,1,0,0,0,0
WRC-SC-10001,7,3,8,1,0,0,0,0
WRC-SC-10010,0,0,1,1,0,0,0,1
WRC-SC-10010,1,1,2,1,0,0,0,0
WRC-SC-10010,2,1,2,1,0,0,0,0
WRC-SC-10010,3,2,4,1,0,0,0,0
WRC-SC-10010,4,1,2,1,0,0,0,0
WRC-SC-10010,5,2,4,1,0,0,0,0
WRC-SC-10010,6,2,4,1,0,0,0,0
WRC-SC-10010,7,3,8,1,0,0,0,0
WRC-SC-10011,0,0,1,1,0,0,0,1
WRC-SC-10011,1,1,2,1,0,0,0,0
WRC-SC-10011,2,1,2,1,0,0,0,0
WRC-SC-10011,3,2,4,1,0,0,0,0
WRC-SC-10011,4,1,2,1,0,0,0,0
WRC-SC-10011,5,2,4,1,0,0,0,0
WRC-SC-10011,6,2,4,1,0,0,0,0
WRC-SC-10011,7,3,8,1,0,0,0,0
WRC-SC-10100,0,0,1,1,0,0,0,1
WRC-SC-10100,1,1,2,1,0,0,0,0
WRC-SC-10100,2,1,2,1,0,0,0,0
WRC-SC-10100,3,2,4,1,0,0,0,0
WRC-SC-10100,4,1,2,1,0,0,0,0
WRC-SC-10100,5,2,4,1,0,0,0,0
WRC-SC-10100,6,2,4,1,0,0,0,0
WRC-SC-10100,7,3,8,1,0,0,0,0
WRC-SC-10101,0,0,1,1,0,0,0,1
WRC-SC-10101,1,1,2,1,0,0,0,0
WRC-SC-10101,2,1,2,1,0,0,0,0
WRC-SC-10101,3,2,4,1,0,0,0,0
WRC-SC-10101,4,1,2,1,0,0,0,0
WRC-SC-10101,5,2,4,1,0,0,0,0
WRC-SC-10101,6,2,4,1,0,0,0,0
WRC-SC-10101,7,3,8,1,0,0,0,0
WRC-SC-10110,0,0,1,0,1,7,1,0
WRC-SC-10110,1,1,2,0,1,3,1,0
WRC-SC-10110,2,1,2,0,1,3,1,0
WRC-SC-10110,3,2,4,0,1,1,1,0
WRC-SC-10110,4,1,2,0,1,3,1,0
WRC-SC-10110,5,2,4,0,1,1,1,0
WRC-SC-10110,6,2,4,0,1,1,1,0
WRC-SC-10110,7,3,8,1,0,0,0,1
WRC-SC-10111,0,0,1,0,1,7,1,0
WRC-SC-10111,1,1,2,0,1,3,1,0
WRC-SC-10111,2,1,2,0,1,3,1,0
WRC-SC-10111,3,2,4,0,1,1,1,0
WRC-SC-10111,4,1,2,0,1,3,1,0
WRC-SC-10111,5,2,4,0,1,1,1,0
WRC-SC-10111,6,2,4,0,1,1,1,0
WRC-SC-10111,7,3,8,1,0,0,0,1
WRC-SC-11000,0,0,1,1,0,0,0,1
WRC-SC-11000,1,1,2,1,0,0,0,0
WRC-SC-11000,2,1,2,1,0,0,0,0
WRC-SC-11000,3,2,4,1,0,0,0,0
WRC-SC-11000,4,1,2,1,0,0,0,0
WRC-SC-11000,5,2,4,1,0,0,0,0
WRC-SC-11000,6,2,4,1,0,0,0,0
WRC-SC-11000,7,3,8,1,0,0,0,0
WRC-SC-11001,0,0,1,1,0,0,0,1
WRC-SC-11001,1,1,2,1,0,0,0,0
WRC-SC-11001,2,1,2,1,0,0,0,0
WRC-SC-11001,3,2,4,1,0,0,0,0
WRC-SC-11001,4,1,2,1,0,0,0,0
WRC-SC-11001,5,2,4,1,0,0,0,0
WRC-SC-11001,6,2,4,1,0,0,0,0
WRC-SC-11001,7,3,8,1,0,0,0,0
WRC-SC-11010,0,0,1,1,0,0,0,1
WRC-SC-11010,1,1,2,1,0,0,0,0
WRC-SC-11010,2,1,2,1,0,0,0,0
WRC-SC-11010,3,2,4,1,0,0,0,0
WRC-SC-11010,4,1,2,1,0,0,0,0
WRC-SC-11010,5,2,4,1,0,0,0,0
WRC-SC-11010,6,2,4,1,0,0,0,0
WRC-SC-11010,7,3,8,1,0,0,0,0
WRC-SC-11011,0,0,1,1,0,0,0,1
WRC-SC-11011,1,1,2,1,0,0,0,0
WRC-SC-11011,2,1,2,1,0,0,0,0
WRC-SC-11011,3,2,4,1,0,0,0,0
WRC-SC-11011,4,1,2,1,0,0,0,0
WRC-SC-11011,5,2,4,1,0,0,0,0
WRC-SC-11011,6,2,4,1,0,0,0,0
WRC-SC-11011,7,3,8,1,0,0,0,0
WRC-SC-11100,0,0,1,1,0,0,0,1
WRC-SC-11100,1,1,2,1,0,0,0,0
WRC-SC-11100,2,1,2,1,0,0,0,0
WRC-SC-11100,3,2,4,1,0,0,0,0
WRC-SC-11100,4,1,2,1,0,0,0,0
WRC-SC-11100,5,2,4,1,0,0,0,0
WRC-SC-11100,6,2,4,1,0,0,0,0
WRC-SC-11100,7,3,8,1,0,0,0,0
WRC-SC-11101,0,0,1,1,0,0,0,1
WRC-SC-11101,1,1,2,1,0,0,0,0
WRC-SC-11101,2,1,2,1,0,0,0,0
WRC-SC-11101,3,2,4,1,0,0,0,0
WRC-SC-11101,4,1,2,1,0,0,0,0
WRC-SC-11101,5,2,4,1,0,0,0,0
WRC-SC-11101,6,2,4,1,0,0,0,0
WRC-SC-11101,7,3,8,1,0,0,0,0
WRC-SC-11110,0,0,1,0,1,7,1,0
WRC-SC-11110,1,1,2,0,1,3,1,0
WRC-SC-11110,2,1,2,0,1,3,1,0
WRC-SC-11110,3,2,4,0,1,1,1,0
WRC-SC-11110,4,1,2,0,1,3,1,0
WRC-SC-11110,5,2,4,0,1,1,1,0
WRC-SC-11110,6,2,4,0,1,1,1,0
WRC-SC-11110,7,3,8,1,0,0,0,1
WRC-SC-11111,0,0,1,0,1,7,1,0
WRC-SC-11111,1,1,2,0,1,3,1,0
WRC-SC-11111,2,1,2,0,1,3,1,0
WRC-SC-11111,3,2,4,0,1,1,1,0
WRC-SC-11111,4,1,2,0,1,3,1,0
WRC-SC-11111,5,2,4,0,1,1,1,0
WRC-SC-11111,6,2,4,0,1,1,1,0
WRC-SC-11111,7,3,8,1,0,0,0,1
IRIW-RA-000000,0,0,1,1,0,0,0,1
IRIW-RA-000000,1,1,2,1,0,0,0,0
IRIW-RA-000000,2,1,2,1,0,0,0,0
IRIW-RA-000000,3,2,4,1,0,0,0,0
IRIW-RA-000000,4,1,2,1,0,0,0,0
IRIW-RA-000000,5,2,4,1,0,0,0,0
IRIW-RA-000000,6,2,4,1,0,0,0,0
IRIW-RA-000000,7,3,8,1,0,0,0,0
IRIW-RA-000000,8,1,2,1,0,0,0,0
IRIW-RA-000000,9,2,4,1,0,0,0,0
IRIW-RA-000000,10,2,4,1,0,0,0,0
IRIW-RA-000000,11,3,8,1,0,0,0,0
IRIW-RA-000000,12,2,4,1,0,0,0,0
IRIW-RA-000000,13,3,8,1,0,0,0,0
IRIW-RA-000000,14,3,8,1,0,0,0,0
IRIW-RA-000000,15,4,16,1,0,0,0,0
IRIW-RA-000001,0,0,1,1,0,0,0,1
IRIW-RA-000001,1,1,2,1,0,0,0,0
IRIW-RA-000001,2,1,2,1,0,0,0,0
IRIW-RA-000001,3,2,4,1,0,0,0,0
IRIW-RA-000001,4,1,2,1,0,0,0,0
IRIW-RA-000001,5,2,4,1,0,0,0,0
IRIW-RA-000001,6,2,4,1,0,0,0,0
IRIW-RA-000001,7,3,8,1,0,0,0,0
IRIW-RA-000001,8,1,2,1,0,0,0,0
IRIW-RA-000001,9,2,4,1,0,0,0,0
IRIW-RA-000001,10,2,4,1,0,0,0,0
IRIW-RA-000001,11,3,8,1,0,0,0,0
IRIW-RA-000001,12,2,4,1,0,0,0,0
IRIW-RA-000001,13,3,8,1,0,0,0,0
IRIW-RA-000001,14,3,8,1,0,0,0,0
IRIW-RA-000001,15,4,16,1,0,0,0,0
IRIW-RA-000010,0,0,1,1,0,0,0,1
IRIW-RA-000010,1,1,2,1,0,0,0,0
IRIW-RA-000010,2,1,2,1,0,0,0,0
IRIW-RA-000010,3,2,4,1,0,0,0,0
IRIW-RA-000010,4,1,2,1,0,0,0,0
IRIW-RA-000010,5,2,4,1,0,0,0,0
IRIW-RA-000010,6,2,4,1,0,0,0,0
IRIW-RA-000010,7,3,8,1,0,0,0,0
IRIW-RA-000010,8,1,2,1,0,0,0,0
IRIW-RA-000010,9,2,4,1,0,0,0,0
IRIW-RA-000010,10,2,4,1,0,0,0,0
IRIW-RA-000010,11,3,8,1,0,0,0,0
IRIW-RA-000010,12,2,4,1,0,0,0,0
IRIW-RA-000010,13,3,8,1,0,0,0,0
IRIW-RA-000010,14,3,8,1,0,0,0,0
IRIW-RA-000010,15,4,16,1,0,0,0,0
IRIW-RA-000011,0,0,1,1,0,0,0,1
IRIW-RA-000011,1,1,2,1,0,0,0,0
IRIW-RA-000011,2,1,2,1,0,0,0,0
IRIW-RA-000011,3,2,4,1,0,0,0,0
IRIW-RA-000011,4,1,2,1,0,0,0,0
IRIW-RA-000011,5,2,4,1,0,0,0,0
IRIW-RA-000011,6,2,4,1,0,0,0,0
IRIW-RA-000011,7,3,8,1,0,0,0,0
IRIW-RA-000011,8,1,2,1,0,0,0,0
IRIW-RA-000011,9,2,4,1,0,0,0,0
IRIW-RA-000011,10,2,4,1,0,0,0,0
IRIW-RA-000011,11,3,8,1,0,0,0,0
IRIW-RA-000011,12,2,4,1,0,0,0,0
IRIW-RA-000011,13,3,8,1,0,0,0,0
IRIW-RA-000011,14,3,8,1,0,0,0,0
IRIW-RA-000011,15,4,16,1,0,0,0,0
IRIW-RA-000100,0,0,1,1,0,0,0,1
IRIW-RA-000100,1,1,2,1,0,0,0,0
IRIW-RA-000100,2,1,2,1,0,0,0,0
IRIW-RA-000100,3,2,4,1,0,0,0,0
IRIW-RA-000100,4,1,2,1,0,0,0,0
IRIW-RA-000100,5,2,4,1,0,0,0,0
IRIW-RA-000100,6,2,4,1,0,0,0,0
IRIW-RA-000100,7,3,8,1,0,0,0,0
IRIW-RA-000100,8,1,2,1,0,0,0,0
IRIW-RA-000100,9,2,4,1,0,0,0,0
IRIW-RA-000100,10,2,4,1,0,0,0,0
IRIW-RA-000100,11,3,8,1,0,0,0,0
IRIW-RA-000100,12,2,4,1,0,0,0,0
IRIW-RA-000100,13,3,8,1,0,0,0,0
IRIW-RA-000100,14,3,8,1,0,0,0,0
IRIW-RA-000100,15,4,16,1,0,0,0,0
IRIW-RA-000101,0,0,1,1,0,0,0,1
IRIW-RA-000101,1,1,2,1,0,0,0,0
IRIW-RA-000101,2,1,2,1,0,0,0,0
IRIW-RA-000101,3,2,4,1,0,0,0,0
IRIW-RA-000101,4,1,2,1,0,0,0,0
IRIW-RA-000101,5,2,4,1,0,0,0,0
IRIW-RA-000101,6,2,4,1,0,0,0,0
IRIW-RA-000101,7,3,8,1,0,0,0,0
IRIW-RA-000101,8,1,2,1,0,0,0,0
IRIW-RA-000101,9,2,4,1,0,0,0,0
IRIW-RA-000101,10,2,4,1,0,0,0,0
IRIW-RA-000101,11,3,8,1,0,0,0,0
IRIW-RA-000101,12,2,4,1,0,0,0,0
IRIW-RA-000101,13,3,8,1,0,0,0,0
IRIW-RA-000101,14,3,8,1,0,0,0,0
IRIW-RA-000101,15,4,16,1,0,0,0,0
IRIW-RA-000110,0,0,1,1,0,0,0,1
IRIW-RA-000110,1,1,2,1,0,0,0,0
IRIW-RA-000110,2,1,2,1,0,0,0,0
IRIW-RA-000110,3,2,4,1,0,0,0,0
IRIW-RA-000110,4,1,2,1,0,0,0,0
IRIW-RA-000110,5,2,4,1,0,0,0,0
IRIW-RA-000110,6,2,4,1,0,0,0,0
IRIW-RA-000110,7,3,8,1,0,0,0,0
IRIW-RA-000110,8,1,2,1,0,0,0,0
IRIW-RA-000110,9,2,4,1,0,0,0,0
IRIW-RA-000110,10,2,4,1,0,0,0,0
IRIW-RA-000110,11,3,8,1,0,0,0,0
IRIW-RA-000110,12,2,4,1,0,0,0,0
IRIW-RA-000110,13,3,8,1,0,0,0,0
IRIW-RA-000110,14,3,8,1,0,0,0,0
IRIW-RA-000110,15,4,16,1,0,0,0,0
IRIW-RA-000111,0,0,1,1,0,0,0,1
IRIW-RA-000111,1,1,2,1,0,0,0,0
IRIW-RA-000111,2,1,2,1,0,0,0,0
IRIW-RA-000111,3,2,4,1,0,0,0,0
IRIW-RA-000111,4,1,2,1,0,0,0,0
IRIW-RA-000111,5,2,4,1,0,0,0,0
IRIW-RA-000111,6,2,4,1,0,0,0,0
IRIW-RA-000111,7,3,8,1,0,0,0,0
IRIW-RA-000111,8,1,2,1,0,0,0,0
IRIW-RA-000111,9,2,4,1,0,0,0,0
IRIW-RA-000111,10,2,4,1,0,0,0,0
IRIW-RA-000111,11,3,8,1,0,0,0,0
IRIW-RA-000111,12,2,4,1,0,0,0,0
IRIW-RA-000111,13,3,8,1,0,0,0,0
IRIW-RA-000111,14,3,8,1,0,0,0,0
IRIW-RA-000111,15,4,16,1,0,0,0,0
IRIW-RA-001000,0,0,1,1,0,0,0,1
IRIW-RA-001000,1,1,2,1,0,0,0,0
IRIW-RA-001000,2,1,2,1,0,0,0,0
IRIW-RA-001000,3,2,4,1,0,0,0,0
IRIW-RA-001000,4,1,2,1,0,0,0,0
IRIW-RA-001000,5,2,4,1,0,0,0,0
IRIW-RA-001000,6,2,4,1,0,0,0,0
IRIW-RA-001000,7,3,8,1,0,0,0,0
IRIW-RA-001000,8,1,2,1,0,0,0,0
IRIW-RA-001000,9,2,4,1,0,0,0,0
IRIW-RA-001000,10,2,4,1,0,0,0,0
IRIW-RA-001000,11,3,8,1,0,0,0,0
IRIW-RA-001000,12,2,4,1,0,0,0,0
IRIW-RA-001000,13,3,8,1,0,0,0,0
IRIW-RA-001000,14,3,8,1,0,0,0,0
IRIW-RA-001000,15,4,16,1,0,0,0,0
IRIW-RA-001001,0,0,1,1,0,0,0,1
IRIW-RA-001001,1,1,2,1,0,0,0,0
IRIW-RA-001001,2,1,2,1,0,0,0,0
IRIW-RA-001001,3,2,4,1,0,0,0,0
IRIW-RA-001001,4,1,2,1,0,0,0,0
IRIW-RA-001001,5,2,4,1,0,0,0,0
IRIW-RA-001001,6,2,4,1,0,0,0,0
IRIW-RA-001001,7,3,8,1,0,0,0,0
IRIW-RA-001001,8,1,2,1,0,0,0,0
IRIW-RA-001001,9,2,4,1,0,0,0,0
IRIW-RA-001001,10,2,4,1,0,0,0,0
IRIW-RA-001001,11,3,8,1,0,0,0,0
IRIW-RA-001001,12,2,4,1,0,0,0,0
IRIW-RA-001001,13,3,8,1,0,0,0,0
IRIW-RA-001001,14,3,8,1,0,0,0,0
IRIW-RA-001001,15,4,16,1,0,0,0,0
IRIW-RA-001010,0,0,1,1,0,0,0,1
IRIW-RA-001010,1,1,2,1,0,0,0,0
IRIW-RA-001010,2,1,2,1,0,0,0,0
IRIW-RA-001010,3,2,4,1,0,0,0,0
IRIW-RA-001010,4,1,2,1,0,0,0,0
IRIW-RA-001010,5,2,4,1,0,0,0,0
IRIW-RA-001010,6,2,4,1,0,0,0,0
IRIW-RA-001010,7,3,8,1,0,0,0,0
IRIW-RA-001010,8,1,2,1,0,0,0,0
IRIW-RA-001010,9,2,4,1,0,0,0,0
IRIW-RA-001010,10,2,4,1,0,0,0,0
IRIW-RA-001010,11,3,8,1,0,0,0,0
IRIW-RA-001010,12,2,4,1,0,0,0,0
IRIW-RA-001010,13,3,8,1,0,0,0,0
IRIW-RA-001010,14,3,8,1,0,0,0,0
IRIW-RA-001010,15,4,16,1,0,0,0,0
IRIW-RA-001011,0,0,1,1,0,0,0,1
IRIW-RA-001011,1,1,2,1,0,0,0,0
IRIW-RA-001011,2,1,2,1,0,0,0,0
IRIW-RA-001011,3,2,4,1,0,0,0,0
IRIW-RA-001011,4,1,2,1,0,0,0,0
IRIW-RA-001011,5,2,4,1,0,0,0,0
IRIW-RA-001011,6,2,4,1,0,0,0,0
IRIW-RA-001011,7,3,8,1,0,0,0,0
IRIW-RA-001011,8,1,2,1,0,0,0,0
IRIW-RA-001011,9,2,4,1,0,0,0,0
IRIW-RA-001011,10,2,4,1,0,0,0,0
IRIW-RA-001011,11,3,8,1,0,0,0,0
IRIW-RA-001011,12,2,4,1,0,0,0,0
IRIW-RA-001011,13,3,8,1,0,0,0,0
IRIW-RA-001011,14,3,8,1,0,0,0,0
IRIW-RA-001011,15,4,16,1,0,0,0,0
IRIW-RA-001100,0,0,1,1,0,0,0,1
IRIW-RA-001100,1,1,2,1,0,0,0,0
IRIW-RA-001100,2,1,2,1,0,0,0,0
IRIW-RA-001100,3,2,4,1,0,0,0,0
IRIW-RA-001100,4,1,2,1,0,0,0,0
IRIW-RA-001100,5,2,4,1,0,0,0,0
IRIW-RA-001100,6,2,4,1,0,0,0,0
IRIW-RA-001100,7,3,8,1,0,0,0,0
IRIW-RA-001100,8,1,2,1,0,0,0,0
IRIW-RA-001100,9,2,4,1,0,0,0,0
IRIW-RA-001100,10,2,4,1,0,0,0,0
IRIW-RA-001100,11,3,8,1,0,0,0,0
IRIW-RA-001100,12,2,4,1,0,0,0,0
IRIW-RA-001100,13,3,8,1,0,0,0,0
IRIW-RA-001100,14,3,8,1,0,0,0,0
IRIW-RA-001100,15,4,16,1,0,0,0,0
IRIW-RA-001101,0,0,1,1,0,0,0,1
IRIW-RA-001101,1,1,2,1,0,0,0,0
IRIW-RA-001101,2,1,2,1,0,0,0,0
IRIW-RA-001101,3,2,4,1,0,0,0,0
IRIW-RA-001101,4,1,2,1,0,0,0,0
IRIW-RA-001101,5,2,4,1,0,0,0,0
IRIW-RA-001101,6,2,4,1,0,0,0,0
IRIW-RA-001101,7,3,8,1,0,0,0,0
IRIW-RA-001101,8,1,2,1,0,0,0,0
IRIW-RA-001101,9,2,4,1,0,0,0,0
IRIW-RA-001101,10,2,4,1,0,0,0,0
IRIW-RA-001101,11,3,8,1,0,0,0,0
IRIW-RA-001101,12,2,4,1,0,0,0,0
IRIW-RA-001101,13,3,8,1,0,0,0,0
IRIW-RA-001101,14,3,8,1,0,0,0,0
IRIW-RA-001101,15,4,16,1,0,0,0,0
IRIW-RA-001110,0,0,1,1,0,0,0,1
IRIW-RA-001110,1,1,2,1,0,0,0,0
IRIW-RA-001110,2,1,2,1,0,0,0,0
IRIW-RA-001110,3,2,4,1,0,0,0,0
IRIW-RA-001110,4,1,2,1,0,0,0,0
IRIW-RA-001110,5,2,4,1,0,0,0,0
IRIW-RA-001110,6,2,4,1,0,0,0,0
IRIW-RA-001110,7,3,8,1,0,0,0,0
IRIW-RA-001110,8,1,2,1,0,0,0,0
IRIW-RA-001110,9,2,4,1,0,0,0,0
IRIW-RA-001110,10,2,4,1,0,0,0,0
IRIW-RA-001110,11,3,8,1,0,0,0,0
IRIW-RA-001110,12,2,4,1,0,0,0,0
IRIW-RA-001110,13,3,8,1,0,0,0,0
IRIW-RA-001110,14,3,8,1,0,0,0,0
IRIW-RA-001110,15,4,16,1,0,0,0,0
IRIW-RA-001111,0,0,1,1,0,0,0,1
IRIW-RA-001111,1,1,2,1,0,0,0,0
IRIW-RA-001111,2,1,2,1,0,0,0,0
IRIW-RA-001111,3,2,4,1,0,0,0,0
IRIW-RA-001111,4,1,2,1,0,0,0,0
IRIW-RA-001111,5,2,4,1,0,0,0,0
IRIW-RA-001111,6,2,4,1,0,0,0,0
IRIW-RA-001111,7,3,8,1,0,0,0,0
IRIW-RA-001111,8,1,2,1,0,0,0,0
IRIW-RA-001111,9,2,4,1,0,0,0,0
IRIW-RA-001111,10,2,4,1,0,0,0,0
IRIW-RA-001111,11,3,8,1,0,0,0,0
IRIW-RA-001111,12,2,4,1,0,0,0,0
IRIW-RA-001111,13,3,8,1,0,0,0,0
IRIW-RA-001111,14,3,8,1,0,0,0,0
IRIW-RA-001111,15,4,16,1,0,0,0,0
IRIW-RA-010000,0,0,1,1,0,0,0,1
IRIW-RA-010000,1,1,2,1,0,0,0,0
IRIW-RA-010000,2,1,2,1,0,0,0,0
IRIW-RA-010000,3,2,4,1,0,0,0,0
IRIW-RA-010000,4,1,2,1,0,0,0,0
IRIW-RA-010000,5,2,4,1,0,0,0,0
IRIW-RA-010000,6,2,4,1,0,0,0,0
IRIW-RA-010000,7,3,8,1,0,0,0,0
IRIW-RA-010000,8,1,2,1,0,0,0,0
IRIW-RA-010000,9,2,4,1,0,0,0,0
IRIW-RA-010000,10,2,4,1,0,0,0,0
IRIW-RA-010000,11,3,8,1,0,0,0,0
IRIW-RA-010000,12,2,4,1,0,0,0,0
IRIW-RA-010000,13,3,8,1,0,0,0,0
IRIW-RA-010000,14,3,8,1,0,0,0,0
IRIW-RA-010000,15,4,16,1,0,0,0,0
IRIW-RA-010001,0,0,1,1,0,0,0,1
IRIW-RA-010001,1,1,2,1,0,0,0,0
IRIW-RA-010001,2,1,2,1,0,0,0,0
IRIW-RA-010001,3,2,4,1,0,0,0,0
IRIW-RA-010001,4,1,2,1,0,0,0,0
IRIW-RA-010001,5,2,4,1,0,0,0,0
IRIW-RA-010001,6,2,4,1,0,0,0,0
IRIW-RA-010001,7,3,8,1,0,0,0,0
IRIW-RA-010001,8,1,2,1,0,0,0,0
IRIW-RA-010001,9,2,4,1,0,0,0,0
IRIW-RA-010001,10,2,4,1,0,0,0,0
IRIW-RA-010001,11,3,8,1,0,0,0,0
IRIW-RA-010001,12,2,4,1,0,0,0,0
IRIW-RA-010001,13,3,8,1,0,0,0,0
IRIW-RA-010001,14,3,8,1,0,0,0,0
IRIW-RA-010001,15,4,16,1,0,0,0,0
IRIW-RA-010010,0,0,1,1,0,0,0,1
IRIW-RA-010010,1,1,2,1,0,0,0,0
IRIW-RA-010010,2,1,2,1,0,0,0,0
IRIW-RA-010010,3,2,4,1,0,0,0,0
IRIW-RA-010010,4,1,2,1,0,0,0,0
IRIW-RA-010010,5,2,4,1,0,0,0,0
IRIW-RA-010010,6,2,4,1,0,0,0,0
IRIW-RA-010010,7,3,8,1,0,0,0,0
IRIW-RA-010010,8,1,2,1,0,0,0,0
IRIW-RA-010010,9,2,4,1,0,0,0,0
IRIW-RA-010010,10,2,4,1,0,0,0,0
IRIW-RA-010010,11,3,8,1,0,0,0,0
IRIW-RA-010010,12,2,4,1,0,0,0,0
IRIW-RA-010010,13,3,8,1,0,0,0,0
IRIW-RA-010010,14,3,8,1,0,0,0,0
IRIW-RA-010010,15,4,16,1,0,0,0,0
IRIW-RA-010011,0,0,1,1,0,0,0,1
IRIW-RA-010011,1,1,2,1,0,0,0,0
IRIW-RA-010011,2,1,2,1,0,0,0,0
IRIW-RA-010011,3,2,4,1,0,0,0,0
IRIW-RA-010011,4,1,2,1,0,0,0,0
IRIW-RA-010011,5,2,4,1,0,0,0,0
IRIW-RA-010011,6,2,4,1,0,0,0,0
IRIW-RA-010011,7,3,8,1,0,0,0,0
IRIW-RA-010011,8,1,2,1,0,0,0,0
IRIW-RA-010011,9,2,4,1,0,0,0,0
IRIW-RA-010011,10,2,4,1,0,0,0,0
IRIW-RA-010011,11,3,8,1,0,0,0,0
IRIW-RA-010011,12,2,4,1,0,0,0,0
IRIW-RA-010011,13,3,8,1,0,0,0,0
IRIW-RA-010011,14,3,8,1,0,0,0,0
IRIW-RA-010011,15,4,16,1,0,0,0,0
IRIW-RA-010100,0,0,1,1,0,0,0,1
IRIW-RA-010100,1,1,2,1,0,0,0,0
IRIW-RA-010100,2,1,2,1,0,0,0,0
IRIW-RA-010100,3,2,4,1,0,0,0,0
IRIW-RA-010100,4,1,2,1,0,0,0,0
IRIW-RA-010100,5,2,4,1,0,0,0,0
IRIW-RA-010100,6,2,4,1,0,0,0,0
IRIW-RA-010100,7,3,8,1,0,0,0,0
IRIW-RA-010100,8,1,2,1,0,0,0,0
IRIW-RA-010100,9,2,4,1,0,0,0,0
IRIW-RA-010100,10,2,4,1,0,0,0,0
IRIW-RA-010100,11,3,8,1,0,0,0,0
IRIW-RA-010100,12,2,4,1,0,0,0,0
IRIW-RA-010100,13,3,8,1,0,0,0,0
IRIW-RA-010100,14,3,8,1,0,0,0,0
IRIW-RA-010100,15,4,16,1,0,0,0,0
IRIW-RA-010101,0,0,1,1,0,0,0,1
IRIW-RA-010101,1,1,2,1,0,0,0,0
IRIW-RA-010101,2,1,2,1,0,0,0,0
IRIW-RA-010101,3,2,4,1,0,0,0,0
IRIW-RA-010101,4,1,2,1,0,0,0,0
IRIW-RA-010101,5,2,4,1,0,0,0,0
IRIW-RA-010101,6,2,4,1,0,0,0,0
IRIW-RA-010101,7,3,8,1,0,0,0,0
IRIW-RA-010101,8,1,2,1,0,0,0,0
IRIW-RA-010101,9,2,4,1,0,0,0,0
IRIW-RA-010101,10,2,4,1,0,0,0,0
IRIW-RA-010101,11,3,8,1,0,0,0,0
IRIW-RA-010101,12,2,4,1,0,0,0,0
IRIW-RA-010101,13,3,8,1,0,0,0,0
IRIW-RA-010101,14,3,8,1,0,0,0,0
IRIW-RA-010101,15,4,16,1,0,0,0,0
IRIW-RA-010110,0,0,1,1,0,0,0,1
IRIW-RA-010110,1,1,2,1,0,0,0,0
IRIW-RA-010110,2,1,2,1,0,0,0,0
IRIW-RA-010110,3,2,4,1,0,0,0,0
IRIW-RA-010110,4,1,2,1,0,0,0,0
IRIW-RA-010110,5,2,4,1,0,0,0,0
IRIW-RA-010110,6,2,4,1,0,0,0,0
IRIW-RA-010110,7,3,8,1,0,0,0,0
IRIW-RA-010110,8,1,2,1,0,0,0,0
IRIW-RA-010110,9,2,4,1,0,0,0,0
IRIW-RA-010110,10,2,4,1,0,0,0,0
IRIW-RA-010110,11,3,8,1,0,0,0,0
IRIW-RA-010110,12,2,4,1,0,0,0,0
IRIW-RA-010110,13,3,8,1,0,0,0,0
IRIW-RA-010110,14,3,8,1,0,0,0,0
IRIW-RA-010110,15,4,16,1,0,0,0,0
IRIW-RA-010111,0,0,1,1,0,0,0,1
IRIW-RA-010111,1,1,2,1,0,0,0,0
IRIW-RA-010111,2,1,2,1,0,0,0,0
IRIW-RA-010111,3,2,4,1,0,0,0,0
IRIW-RA-010111,4,1,2,1,0,0,0,0
IRIW-RA-010111,5,2,4,1,0,0,0,0
IRIW-RA-010111,6,2,4,1,0,0,0,0
IRIW-RA-010111,7,3,8,1,0,0,0,0
IRIW-RA-010111,8,1,2,1,0,0,0,0
IRIW-RA-010111,9,2,4,1,0,0,0,0
IRIW-RA-010111,10,2,4,1,0,0,0,0
IRIW-RA-010111,11,3,8,1,0,0,0,0
IRIW-RA-010111,12,2,4,1,0,0,0,0
IRIW-RA-010111,13,3,8,1,0,0,0,0
IRIW-RA-010111,14,3,8,1,0,0,0,0
IRIW-RA-010111,15,4,16,1,0,0,0,0
IRIW-RA-011000,0,0,1,1,0,0,0,1
IRIW-RA-011000,1,1,2,1,0,0,0,0
IRIW-RA-011000,2,1,2,1,0,0,0,0
IRIW-RA-011000,3,2,4,1,0,0,0,0
IRIW-RA-011000,4,1,2,1,0,0,0,0
IRIW-RA-011000,5,2,4,1,0,0,0,0
IRIW-RA-011000,6,2,4,1,0,0,0,0
IRIW-RA-011000,7,3,8,1,0,0,0,0
IRIW-RA-011000,8,1,2,1,0,0,0,0
IRIW-RA-011000,9,2,4,1,0,0,0,0
IRIW-RA-011000,10,2,4,1,0,0,0,0
IRIW-RA-011000,11,3,8,1,0,0,0,0
IRIW-RA-011000,12,2,4,1,0,0,0,0
IRIW-RA-011000,13,3,8,1,0,0,0,0
IRIW-RA-011000,14,3,8,1,0,0,0,0
IRIW-RA-011000,15,4,16,1,0,0,0,0
IRIW-RA-011001,0,0,1,1,0,0,0,1
IRIW-RA-011001,1,1,2,1,0,0,0,0
IRIW-RA-011001,2,1,2,1,0,0,0,0
IRIW-RA-011001,3,2,4,1,0,0,0,0
IRIW-RA-011001,4,1,2,1,0,0,0,0
IRIW-RA-011001,5,2,4,1,0,0,0,0
IRIW-RA-011001,6,2,4,1,0,0,0,0
IRIW-RA-011001,7,3,8,1,0,0,0,0
IRIW-RA-011001,8,1,2,1,0,0,0,0
IRIW-RA-011001,9,2,4,1,0,0,0,0
IRIW-RA-011001,10,2,4,1,0,0,0,0
IRIW-RA-011001,11,3,8,1,0,0,0,0
IRIW-RA-011001,12,2,4,1,0,0,0,0
IRIW-RA-011001,13,3,8,1,0,0,0,0
IRIW-RA-011001,14,3,8,1,0,0,0,0
IRIW-RA-011001,15,4,16,1,0,0,0,0
IRIW-RA-011010,0,0,1,1,0,0,0,1
IRIW-RA-011010,1,1,2,1,0,0,0,0
IRIW-RA-011010,2,1,2,1,0,0,0,0
IRIW-RA-011010,3,2,4,1,0,0,0,0
IRIW-RA-011010,4,1,2,1,0,0,0,0
IRIW-RA-011010,5,2,4,1,0,0,0,0
IRIW-RA-011010,6,2,4,1,0,0,0,0
IRIW-RA-011010,7,3,8,1,0,0,0,0
IRIW-RA-011010,8,1,2,1,0,0,0,0
IRIW-RA-011010,9,2,4,1,0,0,0,0
IRIW-RA-011010,10,2,4,1,0,0,0,0
IRIW-RA-011010,11,3,8,1,0,0,0,0
IRIW-RA-011010,12,2,4,1,0,0,0,0
IRIW-RA-011010,13,3,8,1,0,0,0,0
IRIW-RA-011010,14,3,8,1,0,0,0,0
IRIW-RA-011010,15,4,16,1,0,0,0,0
IRIW-RA-011011,0,0,1,1,0,0,0,1
IRIW-RA-011011,1,1,2,1,0,0,0,0
IRIW-RA-011011,2,1,2,1,0,0,0,0
IRIW-RA-011011,3,2,4,1,0,0,0,0
IRIW-RA-011011,4,1,2,1,0,0,0,0
IRIW-RA-011011,5,2,4,1,0,0,0,0
IRIW-RA-011011,6,2,4,1,0,0,0,0
IRIW-RA-011011,7,3,8,1,0,0,0,0
IRIW-RA-011011,8,1,2,1,0,0,0,0
IRIW-RA-011011,9,2,4,1,0,0,0,0
IRIW-RA-011011,10,2,4,1,0,0,0,0
IRIW-RA-011011,11,3,8,1,0,0,0,0
IRIW-RA-011011,12,2,4,1,0,0,0,0
IRIW-RA-011011,13,3,8,1,0,0,0,0
IRIW-RA-011011,14,3,8,1,0,0,0,0
IRIW-RA-011011,15,4,16,1,0,0,0,0
IRIW-RA-011100,0,0,1,1,0,0,0,1
IRIW-RA-011100,1,1,2,1,0,0,0,0
IRIW-RA-011100,2,1,2,1,0,0,0,0
IRIW-RA-011100,3,2,4,1,0,0,0,0
IRIW-RA-011100,4,1,2,1,0,0,0,0
IRIW-RA-011100,5,2,4,1,0,0,0,0
IRIW-RA-011100,6,2,4,1,0,0,0,0
IRIW-RA-011100,7,3,8,1,0,0,0,0
IRIW-RA-011100,8,1,2,1,0,0,0,0
IRIW-RA-011100,9,2,4,1,0,0,0,0
IRIW-RA-011100,10,2,4,1,0,0,0,0
IRIW-RA-011100,11,3,8,1,0,0,0,0
IRIW-RA-011100,12,2,4,1,0,0,0,0
IRIW-RA-011100,13,3,8,1,0,0,0,0
IRIW-RA-011100,14,3,8,1,0,0,0,0
IRIW-RA-011100,15,4,16,1,0,0,0,0
IRIW-RA-011101,0,0,1,1,0,0,0,1
IRIW-RA-011101,1,1,2,1,0,0,0,0
IRIW-RA-011101,2,1,2,1,0,0,0,0
IRIW-RA-011101,3,2,4,1,0,0,0,0
IRIW-RA-011101,4,1,2,1,0,0,0,0
IRIW-RA-011101,5,2,4,1,0,0,0,0
IRIW-RA-011101,6,2,4,1,0,0,0,0
IRIW-RA-011101,7,3,8,1,0,0,0,0
IRIW-RA-011101,8,1,2,1,0,0,0,0
IRIW-RA-011101,9,2,4,1,0,0,0,0
IRIW-RA-011101,10,2,4,1,0,0,0,0
IRIW-RA-011101,11,3,8,1,0,0,0,0
IRIW-RA-011101,12,2,4,1,0,0,0,0
IRIW-RA-011101,13,3,8,1,0,0,0,0
IRIW-RA-011101,14,3,8,1,0,0,0,0
IRIW-RA-011101,15,4,16,1,0,0,0,0
IRIW-RA-011110,0,0,1,1,0,0,0,1
IRIW-RA-011110,1,1,2,1,0,0,0,0
IRIW-RA-011110,2,1,2,1,0,0,0,0
IRIW-RA-011110,3,2,4,1,0,0,0,0
IRIW-RA-011110,4,1,2,1,0,0,0,0
IRIW-RA-011110,5,2,4,1,0,0,0,0
IRIW-RA-011110,6,2,4,1,0,0,0,0
IRIW-RA-011110,7,3,8,1,0,0,0,0
IRIW-RA-011110,8,1,2,1,0,0,0,0
IRIW-RA-011110,9,2,4,1,0,0,0,0
IRIW-RA-011110,10,2,4,1,0,0,0,0
IRIW-RA-011110,11,3,8,1,0,0,0,0
IRIW-RA-011110,12,2,4,1,0,0,0,0
IRIW-RA-011110,13,3,8,1,0,0,0,0
IRIW-RA-011110,14,3,8,1,0,0,0,0
IRIW-RA-011110,15,4,16,1,0,0,0,0
IRIW-RA-011111,0,0,1,1,0,0,0,1
IRIW-RA-011111,1,1,2,1,0,0,0,0
IRIW-RA-011111,2,1,2,1,0,0,0,0
IRIW-RA-011111,3,2,4,1,0,0,0,0
IRIW-RA-011111,4,1,2,1,0,0,0,0
IRIW-RA-011111,5,2,4,1,0,0,0,0
IRIW-RA-011111,6,2,4,1,0,0,0,0
IRIW-RA-011111,7,3,8,1,0,0,0,0
IRIW-RA-011111,8,1,2,1,0,0,0,0
IRIW-RA-011111,9,2,4,1,0,0,0,0
IRIW-RA-011111,10,2,4,1,0,0,0,0
IRIW-RA-011111,11,3,8,1,0,0,0,0
IRIW-RA-011111,12,2,4,1,0,0,0,0
IRIW-RA-011111,13,3,8,1,0,0,0,0
IRIW-RA-011111,14,3,8,1,0,0,0,0
IRIW-RA-011111,15,4,16,1,0,0,0,0
IRIW-RA-100000,0,0,1,1,0,0,0,1
IRIW-RA-100000,1,1,2,1,0,0,0,0
IRIW-RA-100000,2,1,2,1,0,0,0,0
IRIW-RA-100000,3,2,4,1,0,0,0,0
IRIW-RA-100000,4,1,2,1,0,0,0,0
IRIW-RA-100000,5,2,4,1,0,0,0,0
IRIW-RA-100000,6,2,4,1,0,0,0,0
IRIW-RA-100000,7,3,8,1,0,0,0,0
IRIW-RA-100000,8,1,2,1,0,0,0,0
IRIW-RA-100000,9,2,4,1,0,0,0,0
IRIW-RA-100000,10,2,4,1,0,0,0,0
IRIW-RA-100000,11,3,8,1,0,0,0,0
IRIW-RA-100000,12,2,4,1,0,0,0,0
IRIW-RA-100000,13,3,8,1,0,0,0,0
IRIW-RA-100000,14,3,8,1,0,0,0,0
IRIW-RA-100000,15,4,16,1,0,0,0,0
IRIW-RA-100001,0,0,1,1,0,0,0,1
IRIW-RA-100001,1,1,2,1,0,0,0,0
IRIW-RA-100001,2,1,2,1,0,0,0,0
IRIW-RA-100001,3,2,4,1,0,0,0,0
IRIW-RA-100001,4,1,2,1,0,0,0,0
IRIW-RA-100001,5,2,4,1,0,0,0,0
IRIW-RA-100001,6,2,4,1,0,0,0,0
IRIW-RA-100001,7,3,8,1,0,0,0,0
IRIW-RA-100001,8,1,2,1,0,0,0,0
IRIW-RA-100001,9,2,4,1,0,0,0,0
IRIW-RA-100001,10,2,4,1,0,0,0,0
IRIW-RA-100001,11,3,8,1,0,0,0,0
IRIW-RA-100001,12,2,4,1,0,0,0,0
IRIW-RA-100001,13,3,8,1,0,0,0,0
IRIW-RA-100001,14,3,8,1,0,0,0,0
IRIW-RA-100001,15,4,16,1,0,0,0,0
IRIW-RA-100010,0,0,1,1,0,0,0,1
IRIW-RA-100010,1,1,2,1,0,0,0,0
IRIW-RA-100010,2,1,2,1,0,0,0,0
IRIW-RA-100010,3,2,4,1,0,0,0,0
IRIW-RA-100010,4,1,2,1,0,0,0,0
IRIW-RA-100010,5,2,4,1,0,0,0,0
IRIW-RA-100010,6,2,4,1,0,0,0,0
IRIW-RA-100010,7,3,8,1,0,0,0,0
IRIW-RA-100010,8,1,2,1,0,0,0,0
IRIW-RA-100010,9,2,4,1,0,0,0,0
IRIW-RA-100010,10,2,4,1,0,0,0,0
IRIW-RA-100010,11,3,8,1,0,0,0,0
IRIW-RA-100010,12,2,4,1,0,0,0,0
IRIW-RA-100010,13,3,8,1,0,0,0,0
IRIW-RA-100010,14,3,8,1,0,0,0,0
IRIW-RA-100010,15,4,16,1,0,0,0,0
IRIW-RA-100011,0,0,1,1,0,0,0,1
IRIW-RA-100011,1,1,2,1,0,0,0,0
IRIW-RA-100011,2,1,2,1,0,0,0,0
IRIW-RA-100011,3,2,4,1,0,0,0,0
IRIW-RA-100011,4,1,2,1,0,0,0,0
IRIW-RA-100011,5,2,4,1,0,0,0,0
IRIW-RA-100011,6,2,4,1,0,0,0,0
IRIW-RA-100011,7,3,8,1,0,0,0,0
IRIW-RA-100011,8,1,2,1,0,0,0,0
IRIW-RA-100011,9,2,4,1,0,0,0,0
IRIW-RA-100011,10,2,4,1,0,0,0,0
IRIW-RA-100011,11,3,8,1,0,0,0,0
IRIW-RA-100011,12,2,4,1,0,0,0,0
IRIW-RA-100011,13,3,8,1,0,0,0,0
IRIW-RA-100011,14,3,8,1,0,0,0,0
IRIW-RA-100011,15,4,16,1,0,0,0,0
IRIW-RA-100100,0,0,1,1,0,0,0,1
IRIW-RA-100100,1,1,2,1,0,0,0,0
IRIW-RA-100100,2,1,2,1,0,0,0,0
IRIW-RA-100100,3,2,4,1,0,0,0,0
IRIW-RA-100100,4,1,2,1,0,0,0,0
IRIW-RA-100100,5,2,4,1,0,0,0,0
IRIW-RA-100100,6,2,4,1,0,0,0,0
IRIW-RA-100100,7,3,8,1,0,0,0,0
IRIW-RA-100100,8,1,2,1,0,0,0,0
IRIW-RA-100100,9,2,4,1,0,0,0,0
IRIW-RA-100100,10,2,4,1,0,0,0,0
IRIW-RA-100100,11,3,8,1,0,0,0,0
IRIW-RA-100100,12,2,4,1,0,0,0,0
IRIW-RA-100100,13,3,8,1,0,0,0,0
IRIW-RA-100100,14,3,8,1,0,0,0,0
IRIW-RA-100100,15,4,16,1,0,0,0,0
IRIW-RA-100101,0,0,1,1,0,0,0,1
IRIW-RA-100101,1,1,2,1,0,0,0,0
IRIW-RA-100101,2,1,2,1,0,0,0,0
IRIW-RA-100101,3,2,4,1,0,0,0,0
IRIW-RA-100101,4,1,2,1,0,0,0,0
IRIW-RA-100101,5,2,4,1,0,0,0,0
IRIW-RA-100101,6,2,4,1,0,0,0,0
IRIW-RA-100101,7,3,8,1,0,0,0,0
IRIW-RA-100101,8,1,2,1,0,0,0,0
IRIW-RA-100101,9,2,4,1,0,0,0,0
IRIW-RA-100101,10,2,4,1,0,0,0,0
IRIW-RA-100101,11,3,8,1,0,0,0,0
IRIW-RA-100101,12,2,4,1,0,0,0,0
IRIW-RA-100101,13,3,8,1,0,0,0,0
IRIW-RA-100101,14,3,8,1,0,0,0,0
IRIW-RA-100101,15,4,16,1,0,0,0,0
IRIW-RA-100110,0,0,1,1,0,0,0,1
IRIW-RA-100110,1,1,2,1,0,0,0,0
IRIW-RA-100110,2,1,2,1,0,0,0,0
IRIW-RA-100110,3,2,4,1,0,0,0,0
IRIW-RA-100110,4,1,2,1,0,0,0,0
IRIW-RA-100110,5,2,4,1,0,0,0,0
IRIW-RA-100110,6,2,4,1,0,0,0,0
IRIW-RA-100110,7,3,8,1,0,0,0,0
IRIW-RA-100110,8,1,2,1,0,0,0,0
IRIW-RA-100110,9,2,4,1,0,0,0,0
IRIW-RA-100110,10,2,4,1,0,0,0,0
IRIW-RA-100110,11,3,8,1,0,0,0,0
IRIW-RA-100110,12,2,4,1,0,0,0,0
IRIW-RA-100110,13,3,8,1,0,0,0,0
IRIW-RA-100110,14,3,8,1,0,0,0,0
IRIW-RA-100110,15,4,16,1,0,0,0,0
IRIW-RA-100111,0,0,1,1,0,0,0,1
IRIW-RA-100111,1,1,2,1,0,0,0,0
IRIW-RA-100111,2,1,2,1,0,0,0,0
IRIW-RA-100111,3,2,4,1,0,0,0,0
IRIW-RA-100111,4,1,2,1,0,0,0,0
IRIW-RA-100111,5,2,4,1,0,0,0,0
IRIW-RA-100111,6,2,4,1,0,0,0,0
IRIW-RA-100111,7,3,8,1,0,0,0,0
IRIW-RA-100111,8,1,2,1,0,0,0,0
IRIW-RA-100111,9,2,4,1,0,0,0,0
IRIW-RA-100111,10,2,4,1,0,0,0,0
IRIW-RA-100111,11,3,8,1,0,0,0,0
IRIW-RA-100111,12,2,4,1,0,0,0,0
IRIW-RA-100111,13,3,8,1,0,0,0,0
IRIW-RA-100111,14,3,8,1,0,0,0,0
IRIW-RA-100111,15,4,16,1,0,0,0,0
IRIW-RA-101000,0,0,1,1,0,0,0,1
IRIW-RA-101000,1,1,2,1,0,0,0,0
IRIW-RA-101000,2,1,2,1,0,0,0,0
IRIW-RA-101000,3,2,4,1,0,0,0,0
IRIW-RA-101000,4,1,2,1,0,0,0,0
IRIW-RA-101000,5,2,4,1,0,0,0,0
IRIW-RA-101000,6,2,4,1,0,0,0,0
IRIW-RA-101000,7,3,8,1,0,0,0,0
IRIW-RA-101000,8,1,2,1,0,0,0,0
IRIW-RA-101000,9,2,4,1,0,0,0,0
IRIW-RA-101000,10,2,4,1,0,0,0,0
IRIW-RA-101000,11,3,8,1,0,0,0,0
IRIW-RA-101000,12,2,4,1,0,0,0,0
IRIW-RA-101000,13,3,8,1,0,0,0,0
IRIW-RA-101000,14,3,8,1,0,0,0,0
IRIW-RA-101000,15,4,16,1,0,0,0,0
IRIW-RA-101001,0,0,1,1,0,0,0,1
IRIW-RA-101001,1,1,2,1,0,0,0,0
IRIW-RA-101001,2,1,2,1,0,0,0,0
IRIW-RA-101001,3,2,4,1,0,0,0,0
IRIW-RA-101001,4,1,2,1,0,0,0,0
IRIW-RA-101001,5,2,4,1,0,0,0,0
IRIW-RA-101001,6,2,4,1,0,0,0,0
IRIW-RA-101001,7,3,8,1,0,0,0,0
IRIW-RA-101001,8,1,2,1,0,0,0,0
IRIW-RA-101001,9,2,4,1,0,0,0,0
IRIW-RA-101001,10,2,4,1,0,0,0,0
IRIW-RA-101001,11,3,8,1,0,0,0,0
IRIW-RA-101001,12,2,4,1,0,0,0,0
IRIW-RA-101001,13,3,8,1,0,0,0,0
IRIW-RA-101001,14,3,8,1,0,0,0,0
IRIW-RA-101001,15,4,16,1,0,0,0,0
IRIW-RA-101010,0,0,1,1,0,0,0,1
IRIW-RA-101010,1,1,2,1,0,0,0,0
IRIW-RA-101010,2,1,2,1,0,0,0,0
IRIW-RA-101010,3,2,4,1,0,0,0,0
IRIW-RA-101010,4,1,2,1,0,0,0,0
IRIW-RA-101010,5,2,4,1,0,0,0,0
IRIW-RA-101010,6,2,4,1,0,0,0,0
IRIW-RA-101010,7,3,8,1,0,0,0,0
IRIW-RA-101010,8,1,2,1,0,0,0,0
IRIW-RA-101010,9,2,4,1,0,0,0,0
IRIW-RA-101010,10,2,4,1,0,0,0,0
IRIW-RA-101010,11,3,8,1,0,0,0,0
IRIW-RA-101010,12,2,4,1,0,0,0,0
IRIW-RA-101010,13,3,8,1,0,0,0,0
IRIW-RA-101010,14,3,8,1,0,0,0,0
IRIW-RA-101010,15,4,16,1,0,0,0,0
IRIW-RA-101011,0,0,1,1,0,0,0,1
IRIW-RA-101011,1,1,2,1,0,0,0,0
IRIW-RA-101011,2,1,2,1,0,0,0,0
IRIW-RA-101011,3,2,4,1,0,0,0,0
IRIW-RA-101011,4,1,2,1,0,0,0,0
IRIW-RA-101011,5,2,4,1,0,0,0,0
IRIW-RA-101011,6,2,4,1,0,0,0,0
IRIW-RA-101011,7,3,8,1,0,0,0,0
IRIW-RA-101011,8,1,2,1,0,0,0,0
IRIW-RA-101011,9,2,4,1,0,0,0,0
IRIW-RA-101011,10,2,4,1,0,0,0,0
IRIW-RA-101011,11,3,8,1,0,0,0,0
IRIW-RA-101011,12,2,4,1,0,0,0,0
IRIW-RA-101011,13,3,8,1,0,0,0,0
IRIW-RA-101011,14,3,8,1,0,0,0,0
IRIW-RA-101011,15,4,16,1,0,0,0,0
IRIW-RA-101100,0,0,1,1,0,0,0,1
IRIW-RA-101100,1,1,2,1,0,0,0,0
IRIW-RA-101100,2,1,2,1,0,0,0,0
IRIW-RA-101100,3,2,4,1,0,0,0,0
IRIW-RA-101100,4,1,2,1,0,0,0,0
IRIW-RA-101100,5,2,4,1,0,0,0,0
IRIW-RA-101100,6,2,4,1,0,0,0,0
IRIW-RA-101100,7,3,8,1,0,0,0,0
IRIW-RA-101100,8,1,2,1,0,0,0,0
IRIW-RA-101100,9,2,4,1,0,0,0,0
IRIW-RA-101100,10,2,4,1,0,0,0,0
IRIW-RA-101100,11,3,8,1,0,0,0,0
IRIW-RA-101100,12,2,4,1,0,0,0,0
IRIW-RA-101100,13,3,8,1,0,0,0,0
IRIW-RA-101100,14,3,8,1,0,0,0,0
IRIW-RA-101100,15,4,16,1,0,0,0,0
IRIW-RA-101101,0,0,1,1,0,0,0,1
IRIW-RA-101101,1,1,2,1,0,0,0,0
IRIW-RA-101101,2,1,2,1,0,0,0,0
IRIW-RA-101101,3,2,4,1,0,0,0,0
IRIW-RA-101101,4,1,2,1,0,0,0,0
IRIW-RA-101101,5,2,4,1,0,0,0,0
IRIW-RA-101101,6,2,4,1,0,0,0,0
IRIW-RA-101101,7,3,8,1,0,0,0,0
IRIW-RA-101101,8,1,2,1,0,0,0,0
IRIW-RA-101101,9,2,4,1,0,0,0,0
IRIW-RA-101101,10,2,4,1,0,0,0,0
IRIW-RA-101101,11,3,8,1,0,0,0,0
IRIW-RA-101101,12,2,4,1,0,0,0,0
IRIW-RA-101101,13,3,8,1,0,0,0,0
IRIW-RA-101101,14,3,8,1,0,0,0,0
IRIW-RA-101101,15,4,16,1,0,0,0,0
IRIW-RA-101110,0,0,1,1,0,0,0,1
IRIW-RA-101110,1,1,2,1,0,0,0,0
IRIW-RA-101110,2,1,2,1,0,0,0,0
IRIW-RA-101110,3,2,4,1,0,0,0,0
IRIW-RA-101110,4,1,2,1,0,0,0,0
IRIW-RA-101110,5,2,4,1,0,0,0,0
IRIW-RA-101110,6,2,4,1,0,0,0,0
IRIW-RA-101110,7,3,8,1,0,0,0,0
IRIW-RA-101110,8,1,2,1,0,0,0,0
IRIW-RA-101110,9,2,4,1,0,0,0,0
IRIW-RA-101110,10,2,4,1,0,0,0,0
IRIW-RA-101110,11,3,8,1,0,0,0,0
IRIW-RA-101110,12,2,4,1,0,0,0,0
IRIW-RA-101110,13,3,8,1,0,0,0,0
IRIW-RA-101110,14,3,8,1,0,0,0,0
IRIW-RA-101110,15,4,16,1,0,0,0,0
IRIW-RA-101111,0,0,1,1,0,0,0,1
IRIW-RA-101111,1,1,2,1,0,0,0,0
IRIW-RA-101111,2,1,2,1,0,0,0,0
IRIW-RA-101111,3,2,4,1,0,0,0,0
IRIW-RA-101111,4,1,2,1,0,0,0,0
IRIW-RA-101111,5,2,4,1,0,0,0,0
IRIW-RA-101111,6,2,4,1,0,0,0,0
IRIW-RA-101111,7,3,8,1,0,0,0,0
IRIW-RA-101111,8,1,2,1,0,0,0,0
IRIW-RA-101111,9,2,4,1,0,0,0,0
IRIW-RA-101111,10,2,4,1,0,0,0,0
IRIW-RA-101111,11,3,8,1,0,0,0,0
IRIW-RA-101111,12,2,4,1,0,0,0,0
IRIW-RA-101111,13,3,8,1,0,0,0,0
IRIW-RA-101111,14,3,8,1,0,0,0,0
IRIW-RA-101111,15,4,16,1,0,0,0,0
IRIW-RA-110000,0,0,1,1,0,0,0,1
IRIW-RA-110000,1,1,2,1,0,0,0,0
IRIW-RA-110000,2,1,2,1,0,0,0,0
IRIW-RA-110000,3,2,4,1,0,0,0,0
IRIW-RA-110000,4,1,2,1,0,0,0,0
IRIW-RA-110000,5,2,4,1,0,0,0,0
IRIW-RA-110000,6,2,4,1,0,0,0,0
IRIW-RA-110000,7,3,8,1,0,0,0,0
IRIW-RA-110000,8,1,2,1,0,0,0,0
IRIW-RA-110000,9,2,4,1,0,0,0,0
IRIW-RA-110000,10,2,4,1,0,0,0,0
IRIW-RA-110000,11,3,8,1,0,0,0,0
IRIW-RA-110000,12,2,4,1,0,0,0,0
IRIW-RA-110000,13,3,8,1,0,0,0,0
IRIW-RA-110000,14,3,8,1,0,0,0,0
IRIW-RA-110000,15,4,16,1,0,0,0,0
IRIW-RA-110001,0,0,1,1,0,0,0,1
IRIW-RA-110001,1,1,2,1,0,0,0,0
IRIW-RA-110001,2,1,2,1,0,0,0,0
IRIW-RA-110001,3,2,4,1,0,0,0,0
IRIW-RA-110001,4,1,2,1,0,0,0,0
IRIW-RA-110001,5,2,4,1,0,0,0,0
IRIW-RA-110001,6,2,4,1,0,0,0,0
IRIW-RA-110001,7,3,8,1,0,0,0,0
IRIW-RA-110001,8,1,2,1,0,0,0,0
IRIW-RA-110001,9,2,4,1,0,0,0,0
IRIW-RA-110001,10,2,4,1,0,0,0,0
IRIW-RA-110001,11,3,8,1,0,0,0,0
IRIW-RA-110001,12,2,4,1,0,0,0,0
IRIW-RA-110001,13,3,8,1,0,0,0,0
IRIW-RA-110001,14,3,8,1,0,0,0,0
IRIW-RA-110001,15,4,16,1,0,0,0,0
IRIW-RA-110010,0,0,1,1,0,0,0,1
IRIW-RA-110010,1,1,2,1,0,0,0,0
IRIW-RA-110010,2,1,2,1,0,0,0,0
IRIW-RA-110010,3,2,4,1,0,0,0,0
IRIW-RA-110010,4,1,2,1,0,0,0,0
IRIW-RA-110010,5,2,4,1,0,0,0,0
IRIW-RA-110010,6,2,4,1,0,0,0,0
IRIW-RA-110010,7,3,8,1,0,0,0,0
IRIW-RA-110010,8,1,2,1,0,0,0,0
IRIW-RA-110010,9,2,4,1,0,0,0,0
IRIW-RA-110010,10,2,4,1,0,0,0,0
IRIW-RA-110010,11,3,8,1,0,0,0,0
IRIW-RA-110010,12,2,4,1,0,0,0,0
IRIW-RA-110010,13,3,8,1,0,0,0,0
IRIW-RA-110010,14,3,8,1,0,0,0,0
IRIW-RA-110010,15,4,16,1,0,0,0,0
IRIW-RA-110011,0,0,1,1,0,0,0,1
IRIW-RA-110011,1,1,2,1,0,0,0,0
IRIW-RA-110011,2,1,2,1,0,0,0,0
IRIW-RA-110011,3,2,4,1,0,0,0,0
IRIW-RA-110011,4,1,2,1,0,0,0,0
IRIW-RA-110011,5,2,4,1,0,0,0,0
IRIW-RA-110011,6,2,4,1,0,0,0,0
IRIW-RA-110011,7,3,8,1,0,0,0,0
IRIW-RA-110011,8,1,2,1,0,0,0,0
IRIW-RA-110011,9,2,4,1,0,0,0,0
IRIW-RA-110011,10,2,4,1,0,0,0,0
IRIW-RA-110011,11,3,8,1,0,0,0,0
IRIW-RA-110011,12,2,4,1,0,0,0,0
IRIW-RA-110011,13,3,8,1,0,0,0,0
IRIW-RA-110011,14,3,8,1,0,0,0,0
IRIW-RA-110011,15,4,16,1,0,0,0,0
IRIW-RA-110100,0,0,1,1,0,0,0,1
IRIW-RA-110100,1,1,2,1,0,0,0,0
IRIW-RA-110100,2,1,2,1,0,0,0,0
IRIW-RA-110100,3,2,4,1,0,0,0,0
IRIW-RA-110100,4,1,2,1,0,0,0,0
IRIW-RA-110100,5,2,4,1,0,0,0,0
IRIW-RA-110100,6,2,4,1,0,0,0,0
IRIW-RA-110100,7,3,8,1,0,0,0,0
IRIW-RA-110100,8,1,2,1,0,0,0,0
IRIW-RA-110100,9,2,4,1,0,0,0,0
IRIW-RA-110100,10,2,4,1,0,0,0,0
IRIW-RA-110100,11,3,8,1,0,0,0,0
IRIW-RA-110100,12,2,4,1,0,0,0,0
IRIW-RA-110100,13,3,8,1,0,0,0,0
IRIW-RA-110100,14,3,8,1,0,0,0,0
IRIW-RA-110100,15,4,16,1,0,0,0,0
IRIW-RA-110101,0,0,1,1,0,0,0,1
IRIW-RA-110101,1,1,2,1,0,0,0,0
IRIW-RA-110101,2,1,2,1,0,0,0,0
IRIW-RA-110101,3,2,4,1,0,0,0,0
IRIW-RA-110101,4,1,2,1,0,0,0,0
IRIW-RA-110101,5,2,4,1,0,0,0,0
IRIW-RA-110101,6,2,4,1,0,0,0,0
IRIW-RA-110101,7,3,8,1,0,0,0,0
IRIW-RA-110101,8,1,2,1,0,0,0,0
IRIW-RA-110101,9,2,4,1,0,0,0,0
IRIW-RA-110101,10,2,4,1,0,0,0,0
IRIW-RA-110101,11,3,8,1,0,0,0,0
IRIW-RA-110101,12,2,4,1,0,0,0,0
IRIW-RA-110101,13,3,8,1,0,0,0,0
IRIW-RA-110101,14,3,8,1,0,0,0,0
IRIW-RA-110101,15,4,16,1,0,0,0,0
IRIW-RA-110110,0,0,1,1,0,0,0,1
IRIW-RA-110110,1,1,2,1,0,0,0,0
IRIW-RA-110110,2,1,2,1,0,0,0,0
IRIW-RA-110110,3,2,4,1,0,0,0,0
IRIW-RA-110110,4,1,2,1,0,0,0,0
IRIW-RA-110110,5,2,4,1,0,0,0,0
IRIW-RA-110110,6,2,4,1,0,0,0,0
IRIW-RA-110110,7,3,8,1,0,0,0,0
IRIW-RA-110110,8,1,2,1,0,0,0,0
IRIW-RA-110110,9,2,4,1,0,0,0,0
IRIW-RA-110110,10,2,4,1,0,0,0,0
IRIW-RA-110110,11,3,8,1,0,0,0,0
IRIW-RA-110110,12,2,4,1,0,0,0,0
IRIW-RA-110110,13,3,8,1,0,0,0,0
IRIW-RA-110110,14,3,8,1,0,0,0,0
IRIW-RA-110110,15,4,16,1,0,0,0,0
IRIW-RA-110111,0,0,1,1,0,0,0,1
IRIW-RA-110111,1,1,2,1,0,0,0,0
IRIW-RA-110111,2,1,2,1,0,0,0,0
IRIW-RA-110111,3,2,4,1,0,0,0,0
IRIW-RA-110111,4,1,2,1,0,0,0,0
IRIW-RA-110111,5,2,4,1,0,0,0,0
IRIW-RA-110111,6,2,4,1,0,0,0,0
IRIW-RA-110111,7,3,8,1,0,0,0,0
IRIW-RA-110111,8,1,2,1,0,0,0,0
IRIW-RA-110111,9,2,4,1,0,0,0,0
IRIW-RA-110111,10,2,4,1,0,0,0,0
IRIW-RA-110111,11,3,8,1,0,0,0,0
IRIW-RA-110111,12,2,4,1,0,0,0,0
IRIW-RA-110111,13,3,8,1,0,0,0,0
IRIW-RA-110111,14,3,8,1,0,0,0,0
IRIW-RA-110111,15,4,16,1,0,0,0,0
IRIW-RA-111000,0,0,1,1,0,0,0,1
IRIW-RA-111000,1,1,2,1,0,0,0,0
IRIW-RA-111000,2,1,2,1,0,0,0,0
IRIW-RA-111000,3,2,4,1,0,0,0,0
IRIW-RA-111000,4,1,2,1,0,0,0,0
IRIW-RA-111000,5,2,4,1,0,0,0,0
IRIW-RA-111000,6,2,4,1,0,0,0,0
IRIW-RA-111000,7,3,8,1,0,0,0,0
IRIW-RA-111000,8,1,2,1,0,0,0,0
IRIW-RA-111000,9,2,4,1,0,0,0,0
IRIW-RA-111000,10,2,4,1,0,0,0,0
IRIW-RA-111000,11,3,8,1,0,0,0,0
IRIW-RA-111000,12,2,4,1,0,0,0,0
IRIW-RA-111000,13,3,8,1,0,0,0,0
IRIW-RA-111000,14,3,8,1,0,0,0,0
IRIW-RA-111000,15,4,16,1,0,0,0,0
IRIW-RA-111001,0,0,1,1,0,0,0,1
IRIW-RA-111001,1,1,2,1,0,0,0,0
IRIW-RA-111001,2,1,2,1,0,0,0,0
IRIW-RA-111001,3,2,4,1,0,0,0,0
IRIW-RA-111001,4,1,2,1,0,0,0,0
IRIW-RA-111001,5,2,4,1,0,0,0,0
IRIW-RA-111001,6,2,4,1,0,0,0,0
IRIW-RA-111001,7,3,8,1,0,0,0,0
IRIW-RA-111001,8,1,2,1,0,0,0,0
IRIW-RA-111001,9,2,4,1,0,0,0,0
IRIW-RA-111001,10,2,4,1,0,0,0,0
IRIW-RA-111001,11,3,8,1,0,0,0,0
IRIW-RA-111001,12,2,4,1,0,0,0,0
IRIW-RA-111001,13,3,8,1,0,0,0,0
IRIW-RA-111001,14,3,8,1,0,0,0,0
IRIW-RA-111001,15,4,16,1,0,0,0,0
IRIW-RA-111010,0,0,1,1,0,0,0,1
IRIW-RA-111010,1,1,2,1,0,0,0,0
IRIW-RA-111010,2,1,2,1,0,0,0,0
IRIW-RA-111010,3,2,4,1,0,0,0,0
IRIW-RA-111010,4,1,2,1,0,0,0,0
IRIW-RA-111010,5,2,4,1,0,0,0,0
IRIW-RA-111010,6,2,4,1,0,0,0,0
IRIW-RA-111010,7,3,8,1,0,0,0,0
IRIW-RA-111010,8,1,2,1,0,0,0,0
IRIW-RA-111010,9,2,4,1,0,0,0,0
IRIW-RA-111010,10,2,4,1,0,0,0,0
IRIW-RA-111010,11,3,8,1,0,0,0,0
IRIW-RA-111010,12,2,4,1,0,0,0,0
IRIW-RA-111010,13,3,8,1,0,0,0,0
IRIW-RA-111010,14,3,8,1,0,0,0,0
IRIW-RA-111010,15,4,16,1,0,0,0,0
IRIW-RA-111011,0,0,1,1,0,0,0,1
IRIW-RA-111011,1,1,2,1,0,0,0,0
IRIW-RA-111011,2,1,2,1,0,0,0,0
IRIW-RA-111011,3,2,4,1,0,0,0,0
IRIW-RA-111011,4,1,2,1,0,0,0,0
IRIW-RA-111011,5,2,4,1,0,0,0,0
IRIW-RA-111011,6,2,4,1,0,0,0,0
IRIW-RA-111011,7,3,8,1,0,0,0,0
IRIW-RA-111011,8,1,2,1,0,0,0,0
IRIW-RA-111011,9,2,4,1,0,0,0,0
IRIW-RA-111011,10,2,4,1,0,0,0,0
IRIW-RA-111011,11,3,8,1,0,0,0,0
IRIW-RA-111011,12,2,4,1,0,0,0,0
IRIW-RA-111011,13,3,8,1,0,0,0,0
IRIW-RA-111011,14,3,8,1,0,0,0,0
IRIW-RA-111011,15,4,16,1,0,0,0,0
IRIW-RA-111100,0,0,1,1,0,0,0,1
IRIW-RA-111100,1,1,2,1,0,0,0,0
IRIW-RA-111100,2,1,2,1,0,0,0,0
IRIW-RA-111100,3,2,4,1,0,0,0,0
IRIW-RA-111100,4,1,2,1,0,0,0,0
IRIW-RA-111100,5,2,4,1,0,0,0,0
IRIW-RA-111100,6,2,4,1,0,0,0,0
IRIW-RA-111100,7,3,8,1,0,0,0,0
IRIW-RA-111100,8,1,2,1,0,0,0,0
IRIW-RA-111100,9,2,4,1,0,0,0,0
IRIW-RA-111100,10,2,4,1,0,0,0,0
IRIW-RA-111100,11,3,8,1,0,0,0,0
IRIW-RA-111100,12,2,4,1,0,0,0,0
IRIW-RA-111100,13,3,8,1,0,0,0,0
IRIW-RA-111100,14,3,8,1,0,0,0,0
IRIW-RA-111100,15,4,16,1,0,0,0,0
IRIW-RA-111101,0,0,1,1,0,0,0,1
IRIW-RA-111101,1,1,2,1,0,0,0,0
IRIW-RA-111101,2,1,2,1,0,0,0,0
IRIW-RA-111101,3,2,4,1,0,0,0,0
IRIW-RA-111101,4,1,2,1,0,0,0,0
IRIW-RA-111101,5,2,4,1,0,0,0,0
IRIW-RA-111101,6,2,4,1,0,0,0,0
IRIW-RA-111101,7,3,8,1,0,0,0,0
IRIW-RA-111101,8,1,2,1,0,0,0,0
IRIW-RA-111101,9,2,4,1,0,0,0,0
IRIW-RA-111101,10,2,4,1,0,0,0,0
IRIW-RA-111101,11,3,8,1,0,0,0,0
IRIW-RA-111101,12,2,4,1,0,0,0,0
IRIW-RA-111101,13,3,8,1,0,0,0,0
IRIW-RA-111101,14,3,8,1,0,0,0,0
IRIW-RA-111101,15,4,16,1,0,0,0,0
IRIW-RA-111110,0,0,1,1,0,0,0,1
IRIW-RA-111110,1,1,2,1,0,0,0,0
IRIW-RA-111110,2,1,2,1,0,0,0,0
IRIW-RA-111110,3,2,4,1,0,0,0,0
IRIW-RA-111110,4,1,2,1,0,0,0,0
IRIW-RA-111110,5,2,4,1,0,0,0,0
IRIW-RA-111110,6,2,4,1,0,0,0,0
IRIW-RA-111110,7,3,8,1,0,0,0,0
IRIW-RA-111110,8,1,2,1,0,0,0,0
IRIW-RA-111110,9,2,4,1,0,0,0,0
IRIW-RA-111110,10,2,4,1,0,0,0,0
IRIW-RA-111110,11,3,8,1,0,0,0,0
IRIW-RA-111110,12,2,4,1,0,0,0,0
IRIW-RA-111110,13,3,8,1,0,0,0,0
IRIW-RA-111110,14,3,8,1,0,0,0,0
IRIW-RA-111110,15,4,16,1,0,0,0,0
IRIW-RA-111111,0,0,1,1,0,0,0,1
IRIW-RA-111111,1,1,2,1,0,0,0,0
IRIW-RA-111111,2,1,2,1,0,0,0,0
IRIW-RA-111111,3,2,4,1,0,0,0,0
IRIW-RA-111111,4,1,2,1,0,0,0,0
IRIW-RA-111111,5,2,4,1,0,0,0,0
IRIW-RA-111111,6,2,4,1,0,0,0,0
IRIW-RA-111111,7,3,8,1,0,0,0,0
IRIW-RA-111111,8,1,2,1,0,0,0,0
IRIW-RA-111111,9,2,4,1,0,0,0,0
IRIW-RA-111111,10,2,4,1,0,0,0,0
IRIW-RA-111111,11,3,8,1,0,0,0,0
IRIW-RA-111111,12,2,4,1,0,0,0,0
IRIW-RA-111111,13,3,8,1,0,0,0,0
IRIW-RA-111111,14,3,8,1,0,0,0,0
IRIW-RA-111111,15,4,16,1,0,0,0,0
IRIW-SC-000001,0,0,1,1,0,0,0,1
IRIW-SC-000001,1,1,2,1,0,0,0,0
IRIW-SC-000001,2,1,2,1,0,0,0,0
IRIW-SC-000001,3,2,4,1,0,0,0,0
IRIW-SC-000001,4,1,2,1,0,0,0,0
IRIW-SC-000001,5,2,4,1,0,0,0,0
IRIW-SC-000001,6,2,4,1,0,0,0,0
IRIW-SC-000001,7,3,8,1,0,0,0,0
IRIW-SC-000001,8,1,2,1,0,0,0,0
IRIW-SC-000001,9,2,4,1,0,0,0,0
IRIW-SC-000001,10,2,4,1,0,0,0,0
IRIW-SC-000001,11,3,8,1,0,0,0,0
IRIW-SC-000001,12,2,4,1,0,0,0,0
IRIW-SC-000001,13,3,8,1,0,0,0,0
IRIW-SC-000001,14,3,8,1,0,0,0,0
IRIW-SC-000001,15,4,16,1,0,0,0,0
IRIW-SC-000010,0,0,1,1,0,0,0,1
IRIW-SC-000010,1,1,2,1,0,0,0,0
IRIW-SC-000010,2,1,2,1,0,0,0,0
IRIW-SC-000010,3,2,4,1,0,0,0,0
IRIW-SC-000010,4,1,2,1,0,0,0,0
IRIW-SC-000010,5,2,4,1,0,0,0,0
IRIW-SC-000010,6,2,4,1,0,0,0,0
IRIW-SC-000010,7,3,8,1,0,0,0,0
IRIW-SC-000010,8,1,2,1,0,0,0,0
IRIW-SC-000010,9,2,4,1,0,0,0,0
IRIW-SC-000010,10,2,4,1,0,0,0,0
IRIW-SC-000010,11,3,8,1,0,0,0,0
IRIW-SC-000010,12,2,4,1,0,0,0,0
IRIW-SC-000010,13,3,8,1,0,0,0,0
IRIW-SC-000010,14,3,8,1,0,0,0,0
IRIW-SC-000010,15,4,16,1,0,0,0,0
IRIW-SC-000011,0,0,1,1,0,0,0,1
IRIW-SC-000011,1,1,2,1,0,0,0,0
IRIW-SC-000011,2,1,2,1,0,0,0,0
IRIW-SC-000011,3,2,4,1,0,0,0,0
IRIW-SC-000011,4,1,2,1,0,0,0,0
IRIW-SC-000011,5,2,4,1,0,0,0,0
IRIW-SC-000011,6,2,4,1,0,0,0,0
IRIW-SC-000011,7,3,8,1,0,0,0,0
IRIW-SC-000011,8,1,2,1,0,0,0,0
IRIW-SC-000011,9,2,4,1,0,0,0,0
IRIW-SC-000011,10,2,4,1,0,0,0,0
IRIW-SC-000011,11,3,8,1,0,0,0,0
IRIW-SC-000011,12,2,4,1,0,0,0,0
IRIW-SC-000011,13,3,8,1,0,0,0,0
IRIW-SC-000011,14,3,8,1,0,0,0,0
IRIW-SC-000011,15,4,16,1,0,0,0,0
IRIW-SC-000100,0,0,1,1,0,0,0,1
IRIW-SC-000100,1,1,2,1,0,0,0,0
IRIW-SC-000100,2,1,2,1,0,0,0,0
IRIW-SC-000100,3,2,4,1,0,0,0,0
IRIW-SC-000100,4,1,2,1,0,0,0,0
IRIW-SC-000100,5,2,4,1,0,0,0,0
IRIW-SC-000100,6,2,4,1,0,0,0,0
IRIW-SC-000100,7,3,8,1,0,0,0,0
IRIW-SC-000100,8,1,2,1,0,0,0,0
IRIW-SC-000100,9,2,4,1,0,0,0,0
IRIW-SC-000100,10,2,4,1,0,0,0,0
IRIW-SC-000100,11,3,8,1,0,0,0,0
IRIW-SC-000100,12,2,4,1,0,0,0,0
IRIW-SC-000100,13,3,8,1,0,0,0,0
IRIW-SC-000100,14,3,8,1,0,0,0,0
IRIW-SC-000100,15,4,16,1,0,0,0,0
IRIW-SC-000101,0,0,1,1,0,0,0,1
IRIW-SC-000101,1,1,2,1,0,0,0,0
IRIW-SC-000101,2,1,2,1,0,0,0,0
IRIW-SC-000101,3,2,4,1,0,0,0,0
IRIW-SC-000101,4,1,2,1,0,0,0,0
IRIW-SC-000101,5,2,4,1,0,0,0,0
IRIW-SC-000101,6,2,4,1,0,0,0,0
IRIW-SC-000101,7,3,8,1,0,0,0,0
IRIW-SC-000101,8,1,2,1,0,0,0,0
IRIW-SC-000101,9,2,4,1,0,0,0,0
IRIW-SC-000101,10,2,4,1,0,0,0,0
IRIW-SC-000101,11,3,8,1,0,0,0,0
IRIW-SC-000101,12,2,4,1,0,0,0,0
IRIW-SC-000101,13,3,8,1,0,0,0,0
IRIW-SC-000101,14,3,8,1,0,0,0,0
IRIW-SC-000101,15,4,16,1,0,0,0,0
IRIW-SC-000110,0,0,1,1,0,0,0,1
IRIW-SC-000110,1,1,2,1,0,0,0,0
IRIW-SC-000110,2,1,2,1,0,0,0,0
IRIW-SC-000110,3,2,4,1,0,0,0,0
IRIW-SC-000110,4,1,2,1,0,0,0,0
IRIW-SC-000110,5,2,4,1,0,0,0,0
IRIW-SC-000110,6,2,4,1,0,0,0,0
IRIW-SC-000110,7,3,8,1,0,0,0,0
IRIW-SC-000110,8,1,2,1,0,0,0,0
IRIW-SC-000110,9,2,4,1,0,0,0,0
IRIW-SC-000110,10,2,4,1,0,0,0,0
IRIW-SC-000110,11,3,8,1,0,0,0,0
IRIW-SC-000110,12,2,4,1,0,0,0,0
IRIW-SC-000110,13,3,8,1,0,0,0,0
IRIW-SC-000110,14,3,8,1,0,0,0,0
IRIW-SC-000110,15,4,16,1,0,0,0,0
IRIW-SC-000111,0,0,1,1,0,0,0,1
IRIW-SC-000111,1,1,2,1,0,0,0,0
IRIW-SC-000111,2,1,2,1,0,0,0,0
IRIW-SC-000111,3,2,4,1,0,0,0,0
IRIW-SC-000111,4,1,2,1,0,0,0,0
IRIW-SC-000111,5,2,4,1,0,0,0,0
IRIW-SC-000111,6,2,4,1,0,0,0,0
IRIW-SC-000111,7,3,8,1,0,0,0,0
IRIW-SC-000111,8,1,2,1,0,0,0,0
IRIW-SC-000111,9,2,4,1,0,0,0,0
IRIW-SC-000111,10,2,4,1,0,0,0,0
IRIW-SC-000111,11,3,8,1,0,0,0,0
IRIW-SC-000111,12,2,4,1,0,0,0,0
IRIW-SC-000111,13,3,8,1,0,0,0,0
IRIW-SC-000111,14,3,8,1,0,0,0,0
IRIW-SC-000111,15,4,16,1,0,0,0,0
IRIW-SC-001000,0,0,1,1,0,0,0,1
IRIW-SC-001000,1,1,2,1,0,0,0,0
IRIW-SC-001000,2,1,2,1,0,0,0,0
IRIW-SC-001000,3,2,4,1,0,0,0,0
IRIW-SC-001000,4,1,2,1,0,0,0,0
IRIW-SC-001000,5,2,4,1,0,0,0,0
IRIW-SC-001000,6,2,4,1,0,0,0,0
IRIW-SC-001000,7,3,8,1,0,0,0,0
IRIW-SC-001000,8,1,2,1,0,0,0,0
IRIW-SC-001000,9,2,4,1,0,0,0,0
IRIW-SC-001000,10,2,4,1,0,0,0,0
IRIW-SC-001000,11,3,8,1,0,0,0,0
IRIW-SC-001000,12,2,4,1,0,0,0,0
IRIW-SC-001000,13,3,8,1,0,0,0,0
IRIW-SC-001000,14,3,8,1,0,0,0,0
IRIW-SC-001000,15,4,16,1,0,0,0,0
IRIW-SC-001001,0,0,1,1,0,0,0,1
IRIW-SC-001001,1,1,2,1,0,0,0,0
IRIW-SC-001001,2,1,2,1,0,0,0,0
IRIW-SC-001001,3,2,4,1,0,0,0,0
IRIW-SC-001001,4,1,2,1,0,0,0,0
IRIW-SC-001001,5,2,4,1,0,0,0,0
IRIW-SC-001001,6,2,4,1,0,0,0,0
IRIW-SC-001001,7,3,8,1,0,0,0,0
IRIW-SC-001001,8,1,2,1,0,0,0,0
IRIW-SC-001001,9,2,4,1,0,0,0,0
IRIW-SC-001001,10,2,4,1,0,0,0,0
IRIW-SC-001001,11,3,8,1,0,0,0,0
IRIW-SC-001001,12,2,4,1,0,0,0,0
IRIW-SC-001001,13,3,8,1,0,0,0,0
IRIW-SC-001001,14,3,8,1,0,0,0,0
IRIW-SC-001001,15,4,16,1,0,0,0,0
IRIW-SC-001010,0,0,1,1,0,0,0,1
IRIW-SC-001010,1,1,2,1,0,0,0,0
IRIW-SC-001010,2,1,2,1,0,0,0,0
IRIW-SC-001010,3,2,4,1,0,0,0,0
IRIW-SC-001010,4,1,2,1,0,0,0,0
IRIW-SC-001010,5,2,4,1,0,0,0,0
IRIW-SC-001010,6,2,4,1,0,0,0,0
IRIW-SC-001010,7,3,8,1,0,0,0,0
IRIW-SC-001010,8,1,2,1,0,0,0,0
IRIW-SC-001010,9,2,4,1,0,0,0,0
IRIW-SC-001010,10,2,4,1,0,0,0,0
IRIW-SC-001010,11,3,8,1,0,0,0,0
IRIW-SC-001010,12,2,4,1,0,0,0,0
IRIW-SC-001010,13,3,8,1,0,0,0,0
IRIW-SC-001010,14,3,8,1,0,0,0,0
IRIW-SC-001010,15,4,16,1,0,0,0,0
IRIW-SC-001011,0,0,1,1,0,0,0,1
IRIW-SC-001011,1,1,2,1,0,0,0,0
IRIW-SC-001011,2,1,2,1,0,0,0,0
IRIW-SC-001011,3,2,4,1,0,0,0,0
IRIW-SC-001011,4,1,2,1,0,0,0,0
IRIW-SC-001011,5,2,4,1,0,0,0,0
IRIW-SC-001011,6,2,4,1,0,0,0,0
IRIW-SC-001011,7,3,8,1,0,0,0,0
IRIW-SC-001011,8,1,2,1,0,0,0,0
IRIW-SC-001011,9,2,4,1,0,0,0,0
IRIW-SC-001011,10,2,4,1,0,0,0,0
IRIW-SC-001011,11,3,8,1,0,0,0,0
IRIW-SC-001011,12,2,4,1,0,0,0,0
IRIW-SC-001011,13,3,8,1,0,0,0,0
IRIW-SC-001011,14,3,8,1,0,0,0,0
IRIW-SC-001011,15,4,16,1,0,0,0,0
IRIW-SC-001100,0,0,1,1,0,0,0,1
IRIW-SC-001100,1,1,2,1,0,0,0,0
IRIW-SC-001100,2,1,2,1,0,0,0,0
IRIW-SC-001100,3,2,4,1,0,0,0,0
IRIW-SC-001100,4,1,2,1,0,0,0,0
IRIW-SC-001100,5,2,4,1,0,0,0,0
IRIW-SC-001100,6,2,4,1,0,0,0,0
IRIW-SC-001100,7,3,8,1,0,0,0,0
IRIW-SC-001100,8,1,2,1,0,0,0,0
IRIW-SC-001100,9,2,4,1,0,0,0,0
IRIW-SC-001100,10,2,4,1,0,0,0,0
IRIW-SC-001100,11,3,8,1,0,0,0,0
IRIW-SC-001100,12,2,4,1,0,0,0,0
IRIW-SC-001100,13,3,8,1,0,0,0,0
IRIW-SC-001100,14,3,8,1,0,0,0,0
IRIW-SC-001100,15,4,16,1,0,0,0,0
IRIW-SC-001101,0,0,1,1,0,0,0,1
IRIW-SC-001101,1,1,2,1,0,0,0,0
IRIW-SC-001101,2,1,2,1,0,0,0,0
IRIW-SC-001101,3,2,4,1,0,0,0,0
IRIW-SC-001101,4,1,2,1,0,0,0,0
IRIW-SC-001101,5,2,4,1,0,0,0,0
IRIW-SC-001101,6,2,4,1,0,0,0,0
IRIW-SC-001101,7,3,8,1,0,0,0,0
IRIW-SC-001101,8,1,2,1,0,0,0,0
IRIW-SC-001101,9,2,4,1,0,0,0,0
IRIW-SC-001101,10,2,4,1,0,0,0,0
IRIW-SC-001101,11,3,8,1,0,0,0,0
IRIW-SC-001101,12,2,4,1,0,0,0,0
IRIW-SC-001101,13,3,8,1,0,0,0,0
IRIW-SC-001101,14,3,8,1,0,0,0,0
IRIW-SC-001101,15,4,16,1,0,0,0,0
IRIW-SC-001110,0,0,1,1,0,0,0,1
IRIW-SC-001110,1,1,2,1,0,0,0,0
IRIW-SC-001110,2,1,2,1,0,0,0,0
IRIW-SC-001110,3,2,4,1,0,0,0,0
IRIW-SC-001110,4,1,2,1,0,0,0,0
IRIW-SC-001110,5,2,4,1,0,0,0,0
IRIW-SC-001110,6,2,4,1,0,0,0,0
IRIW-SC-001110,7,3,8,1,0,0,0,0
IRIW-SC-001110,8,1,2,1,0,0,0,0
IRIW-SC-001110,9,2,4,1,0,0,0,0
IRIW-SC-001110,10,2,4,1,0,0,0,0
IRIW-SC-001110,11,3,8,1,0,0,0,0
IRIW-SC-001110,12,2,4,1,0,0,0,0
IRIW-SC-001110,13,3,8,1,0,0,0,0
IRIW-SC-001110,14,3,8,1,0,0,0,0
IRIW-SC-001110,15,4,16,1,0,0,0,0
IRIW-SC-001111,0,0,1,1,0,0,0,1
IRIW-SC-001111,1,1,2,1,0,0,0,0
IRIW-SC-001111,2,1,2,1,0,0,0,0
IRIW-SC-001111,3,2,4,1,0,0,0,0
IRIW-SC-001111,4,1,2,1,0,0,0,0
IRIW-SC-001111,5,2,4,1,0,0,0,0
IRIW-SC-001111,6,2,4,1,0,0,0,0
IRIW-SC-001111,7,3,8,1,0,0,0,0
IRIW-SC-001111,8,1,2,1,0,0,0,0
IRIW-SC-001111,9,2,4,1,0,0,0,0
IRIW-SC-001111,10,2,4,1,0,0,0,0
IRIW-SC-001111,11,3,8,1,0,0,0,0
IRIW-SC-001111,12,2,4,1,0,0,0,0
IRIW-SC-001111,13,3,8,1,0,0,0,0
IRIW-SC-001111,14,3,8,1,0,0,0,0
IRIW-SC-001111,15,4,16,1,0,0,0,0
IRIW-SC-010000,0,0,1,1,0,0,0,1
IRIW-SC-010000,1,1,2,1,0,0,0,0
IRIW-SC-010000,2,1,2,1,0,0,0,0
IRIW-SC-010000,3,2,4,1,0,0,0,0
IRIW-SC-010000,4,1,2,1,0,0,0,0
IRIW-SC-010000,5,2,4,1,0,0,0,0
IRIW-SC-010000,6,2,4,1,0,0,0,0
IRIW-SC-010000,7,3,8,1,0,0,0,0
IRIW-SC-010000,8,1,2,1,0,0,0,0
IRIW-SC-010000,9,2,4,1,0,0,0,0
IRIW-SC-010000,10,2,4,1,0,0,0,0
IRIW-SC-010000,11,3,8,1,0,0,0,0
IRIW-SC-010000,12,2,4,1,0,0,0,0
IRIW-SC-010000,13,3,8,1,0,0,0,0
IRIW-SC-010000,14,3,8,1,0,0,0,0
IRIW-SC-010000,15,4,16,1,0,0,0,0
IRIW-SC-010001,0,0,1,1,0,0,0,1
IRIW-SC-010001,1,1,2,1,0,0,0,0
IRIW-SC-010001,2,1,2,1,0,0,0,0
IRIW-SC-010001,3,2,4,1,0,0,0,0
IRIW-SC-010001,4,1,2,1,0,0,0,0
IRIW-SC-010001,5,2,4,1,0,0,0,0
IRIW-SC-010001,6,2,4,1,0,0,0,0
IRIW-SC-010001,7,3,8,1,0,0,0,0
IRIW-SC-010001,8,1,2,1,0,0,0,0
IRIW-SC-010001,9,2,4,1,0,0,0,0
IRIW-SC-010001,10,2,4,1,0,0,0,0
IRIW-SC-010001,11,3,8,1,0,0,0,0
IRIW-SC-010001,12,2,4,1,0,0,0,0
IRIW-SC-010001,13,3,8,1,0,0,0,0
IRIW-SC-010001,14,3,8,1,0,0,0,0
IRIW-SC-010001,15,4,16,1,0,0,0,0
IRIW-SC-010010,0,0,1,1,0,0,0,1
IRIW-SC-010010,1,1,2,1,0,0,0,0
IRIW-SC-010010,2,1,2,1,0,0,0,0
IRIW-SC-010010,3,2,4,1,0,0,0,0
IRIW-SC-010010,4,1,2,1,0,0,0,0
IRIW-SC-010010,5,2,4,1,0,0,0,0
IRIW-SC-010010,6,2,4,1,0,0,0,0
IRIW-SC-010010,7,3,8,1,0,0,0,0
IRIW-SC-010010,8,1,2,1,0,0,0,0
IRIW-SC-010010,9,2,4,1,0,0,0,0
IRIW-SC-010010,10,2,4,1,0,0,0,0
IRIW-SC-010010,11,3,8,1,0,0,0,0
IRIW-SC-010010,12,2,4,1,0,0,0,0
IRIW-SC-010010,13,3,8,1,0,0,0,0
IRIW-SC-010010,14,3,8,1,0,0,0,0
IRIW-SC-010010,15,4,16,1,0,0,0,0
IRIW-SC-010011,0,0,1,1,0,0,0,1
IRIW-SC-010011,1,1,2,1,0,0,0,0
IRIW-SC-010011,2,1,2,1,0,0,0,0
IRIW-SC-010011,3,2,4,1,0,0,0,0
IRIW-SC-010011,4,1,2,1,0,0,0,0
IRIW-SC-010011,5,2,4,1,0,0,0,0
IRIW-SC-010011,6,2,4,1,0,0,0,0
IRIW-SC-010011,7,3,8,1,0,0,0,0
IRIW-SC-010011,8,1,2,1,0,0,0,0
IRIW-SC-010011,9,2,4,1,0,0,0,0
IRIW-SC-010011,10,2,4,1,0,0,0,0
IRIW-SC-010011,11,3,8,1,0,0,0,0
IRIW-SC-010011,12,2,4,1,0,0,0,0
IRIW-SC-010011,13,3,8,1,0,0,0,0
IRIW-SC-010011,14,3,8,1,0,0,0,0
IRIW-SC-010011,15,4,16,1,0,0,0,0
IRIW-SC-010100,0,0,1,1,0,0,0,1
IRIW-SC-010100,1,1,2,1,0,0,0,0
IRIW-SC-010100,2,1,2,1,0,0,0,0
IRIW-SC-010100,3,2,4,1,0,0,0,0
IRIW-SC-010100,4,1,2,1,0,0,0,0
IRIW-SC-010100,5,2,4,1,0,0,0,0
IRIW-SC-010100,6,2,4,1,0,0,0,0
IRIW-SC-010100,7,3,8,1,0,0,0,0
IRIW-SC-010100,8,1,2,1,0,0,0,0
IRIW-SC-010100,9,2,4,1,0,0,0,0
IRIW-SC-010100,10,2,4,1,0,0,0,0
IRIW-SC-010100,11,3,8,1,0,0,0,0
IRIW-SC-010100,12,2,4,1,0,0,0,0
IRIW-SC-010100,13,3,8,1,0,0,0,0
IRIW-SC-010100,14,3,8,1,0,0,0,0
IRIW-SC-010100,15,4,16,1,0,0,0,0
IRIW-SC-010101,0,0,1,1,0,0,0,1
IRIW-SC-010101,1,1,2,1,0,0,0,0
IRIW-SC-010101,2,1,2,1,0,0,0,0
IRIW-SC-010101,3,2,4,1,0,0,0,0
IRIW-SC-010101,4,1,2,1,0,0,0,0
IRIW-SC-010101,5,2,4,1,0,0,0,0
IRIW-SC-010101,6,2,4,1,0,0,0,0
IRIW-SC-010101,7,3,8,1,0,0,0,0
IRIW-SC-010101,8,1,2,1,0,0,0,0
IRIW-SC-010101,9,2,4,1,0,0,0,0
IRIW-SC-010101,10,2,4,1,0,0,0,0
IRIW-SC-010101,11,3,8,1,0,0,0,0
IRIW-SC-010101,12,2,4,1,0,0,0,0
IRIW-SC-010101,13,3,8,1,0,0,0,0
IRIW-SC-010101,14,3,8,1,0,0,0,0
IRIW-SC-010101,15,4,16,1,0,0,0,0
IRIW-SC-010110,0,0,1,1,0,0,0,1
IRIW-SC-010110,1,1,2,1,0,0,0,0
IRIW-SC-010110,2,1,2,1,0,0,0,0
IRIW-SC-010110,3,2,4,1,0,0,0,0
IRIW-SC-010110,4,1,2,1,0,0,0,0
IRIW-SC-010110,5,2,4,1,0,0,0,0
IRIW-SC-010110,6,2,4,1,0,0,0,0
IRIW-SC-010110,7,3,8,1,0,0,0,0
IRIW-SC-010110,8,1,2,1,0,0,0,0
IRIW-SC-010110,9,2,4,1,0,0,0,0
IRIW-SC-010110,10,2,4,1,0,0,0,0
IRIW-SC-010110,11,3,8,1,0,0,0,0
IRIW-SC-010110,12,2,4,1,0,0,0,0
IRIW-SC-010110,13,3,8,1,0,0,0,0
IRIW-SC-010110,14,3,8,1,0,0,0,0
IRIW-SC-010110,15,4,16,1,0,0,0,0
IRIW-SC-010111,0,0,1,1,0,0,0,1
IRIW-SC-010111,1,1,2,1,0,0,0,0
IRIW-SC-010111,2,1,2,1,0,0,0,0
IRIW-SC-010111,3,2,4,1,0,0,0,0
IRIW-SC-010111,4,1,2,1,0,0,0,0
IRIW-SC-010111,5,2,4,1,0,0,0,0
IRIW-SC-010111,6,2,4,1,0,0,0,0
IRIW-SC-010111,7,3,8,1,0,0,0,0
IRIW-SC-010111,8,1,2,1,0,0,0,0
IRIW-SC-010111,9,2,4,1,0,0,0,0
IRIW-SC-010111,10,2,4,1,0,0,0,0
IRIW-SC-010111,11,3,8,1,0,0,0,0
IRIW-SC-010111,12,2,4,1,0,0,0,0
IRIW-SC-010111,13,3,8,1,0,0,0,0
IRIW-SC-010111,14,3,8,1,0,0,0,0
IRIW-SC-010111,15,4,16,1,0,0,0,0
IRIW-SC-011000,0,0,1,1,0,0,0,1
IRIW-SC-011000,1,1,2,1,0,0,0,0
IRIW-SC-011000,2,1,2,1,0,0,0,0
IRIW-SC-011000,3,2,4,1,0,0,0,0
IRIW-SC-011000,4,1,2,1,0,0,0,0
IRIW-SC-011000,5,2,4,1,0,0,0,0
IRIW-SC-011000,6,2,4,1,0,0,0,0
IRIW-SC-011000,7,3,8,1,0,0,0,0
IRIW-SC-011000,8,1,2,1,0,0,0,0
IRIW-SC-011000,9,2,4,1,0,0,0,0
IRIW-SC-011000,10,2,4,1,0,0,0,0
IRIW-SC-011000,11,3,8,1,0,0,0,0
IRIW-SC-011000,12,2,4,1,0,0,0,0
IRIW-SC-011000,13,3,8,1,0,0,0,0
IRIW-SC-011000,14,3,8,1,0,0,0,0
IRIW-SC-011000,15,4,16,1,0,0,0,0
IRIW-SC-011001,0,0,1,1,0,0,0,1
IRIW-SC-011001,1,1,2,1,0,0,0,0
IRIW-SC-011001,2,1,2,1,0,0,0,0
IRIW-SC-011001,3,2,4,1,0,0,0,0
IRIW-SC-011001,4,1,2,1,0,0,0,0
IRIW-SC-011001,5,2,4,1,0,0,0,0
IRIW-SC-011001,6,2,4,1,0,0,0,0
IRIW-SC-011001,7,3,8,1,0,0,0,0
IRIW-SC-011001,8,1,2,1,0,0,0,0
IRIW-SC-011001,9,2,4,1,0,0,0,0
IRIW-SC-011001,10,2,4,1,0,0,0,0
IRIW-SC-011001,11,3,8,1,0,0,0,0
IRIW-SC-011001,12,2,4,1,0,0,0,0
IRIW-SC-011001,13,3,8,1,0,0,0,0
IRIW-SC-011001,14,3,8,1,0,0,0,0
IRIW-SC-011001,15,4,16,1,0,0,0,0
IRIW-SC-011010,0,0,1,1,0,0,0,1
IRIW-SC-011010,1,1,2,1,0,0,0,0
IRIW-SC-011010,2,1,2,1,0,0,0,0
IRIW-SC-011010,3,2,4,1,0,0,0,0
IRIW-SC-011010,4,1,2,1,0,0,0,0
IRIW-SC-011010,5,2,4,1,0,0,0,0
IRIW-SC-011010,6,2,4,1,0,0,0,0
IRIW-SC-011010,7,3,8,1,0,0,0,0
IRIW-SC-011010,8,1,2,1,0,0,0,0
IRIW-SC-011010,9,2,4,1,0,0,0,0
IRIW-SC-011010,10,2,4,1,0,0,0,0
IRIW-SC-011010,11,3,8,1,0,0,0,0
IRIW-SC-011010,12,2,4,1,0,0,0,0
IRIW-SC-011010,13,3,8,1,0,0,0,0
IRIW-SC-011010,14,3,8,1,0,0,0,0
IRIW-SC-011010,15,4,16,1,0,0,0,0
IRIW-SC-011011,0,0,1,1,0,0,0,1
IRIW-SC-011011,1,1,2,1,0,0,0,0
IRIW-SC-011011,2,1,2,1,0,0,0,0
IRIW-SC-011011,3,2,4,1,0,0,0,0
IRIW-SC-011011,4,1,2,1,0,0,0,0
IRIW-SC-011011,5,2,4,1,0,0,0,0
IRIW-SC-011011,6,2,4,1,0,0,0,0
IRIW-SC-011011,7,3,8,1,0,0,0,0
IRIW-SC-011011,8,1,2,1,0,0,0,0
IRIW-SC-011011,9,2,4,1,0,0,0,0
IRIW-SC-011011,10,2,4,1,0,0,0,0
IRIW-SC-011011,11,3,8,1,0,0,0,0
IRIW-SC-011011,12,2,4,1,0,0,0,0
IRIW-SC-011011,13,3,8,1,0,0,0,0
IRIW-SC-011011,14,3,8,1,0,0,0,0
IRIW-SC-011011,15,4,16,1,0,0,0,0
IRIW-SC-011100,0,0,1,1,0,0,0,1
IRIW-SC-011100,1,1,2,1,0,0,0,0
IRIW-SC-011100,2,1,2,1,0,0,0,0
IRIW-SC-011100,3,2,4,1,0,0,0,0
IRIW-SC-011100,4,1,2,1,0,0,0,0
IRIW-SC-011100,5,2,4,1,0,0,0,0
IRIW-SC-011100,6,2,4,1,0,0,0,0
IRIW-SC-011100,7,3,8,1,0,0,0,0
IRIW-SC-011100,8,1,2,1,0,0,0,0
IRIW-SC-011100,9,2,4,1,0,0,0,0
IRIW-SC-011100,10,2,4,1,0,0,0,0
IRIW-SC-011100,11,3,8,1,0,0,0,0
IRIW-SC-011100,12,2,4,1,0,0,0,0
IRIW-SC-011100,13,3,8,1,0,0,0,0
IRIW-SC-011100,14,3,8,1,0,0,0,0
IRIW-SC-011100,15,4,16,1,0,0,0,0
IRIW-SC-011101,0,0,1,1,0,0,0,1
IRIW-SC-011101,1,1,2,1,0,0,0,0
IRIW-SC-011101,2,1,2,1,0,0,0,0
IRIW-SC-011101,3,2,4,1,0,0,0,0
IRIW-SC-011101,4,1,2,1,0,0,0,0
IRIW-SC-011101,5,2,4,1,0,0,0,0
IRIW-SC-011101,6,2,4,1,0,0,0,0
IRIW-SC-011101,7,3,8,1,0,0,0,0
IRIW-SC-011101,8,1,2,1,0,0,0,0
IRIW-SC-011101,9,2,4,1,0,0,0,0
IRIW-SC-011101,10,2,4,1,0,0,0,0
IRIW-SC-011101,11,3,8,1,0,0,0,0
IRIW-SC-011101,12,2,4,1,0,0,0,0
IRIW-SC-011101,13,3,8,1,0,0,0,0
IRIW-SC-011101,14,3,8,1,0,0,0,0
IRIW-SC-011101,15,4,16,1,0,0,0,0
IRIW-SC-011110,0,0,1,1,0,0,0,1
IRIW-SC-011110,1,1,2,1,0,0,0,0
IRIW-SC-011110,2,1,2,1,0,0,0,0
IRIW-SC-011110,3,2,4,1,0,0,0,0
IRIW-SC-011110,4,1,2,1,0,0,0,0
IRIW-SC-011110,5,2,4,1,0,0,0,0
IRIW-SC-011110,6,2,4,1,0,0,0,0
IRIW-SC-011110,7,3,8,1,0,0,0,0
IRIW-SC-011110,8,1,2,1,0,0,0,0
IRIW-SC-011110,9,2,4,1,0,0,0,0
IRIW-SC-011110,10,2,4,1,0,0,0,0
IRIW-SC-011110,11,3,8,1,0,0,0,0
IRIW-SC-011110,12,2,4,1,0,0,0,0
IRIW-SC-011110,13,3,8,1,0,0,0,0
IRIW-SC-011110,14,3,8,1,0,0,0,0
IRIW-SC-011110,15,4,16,1,0,0,0,0
IRIW-SC-011111,0,0,1,1,0,0,0,1
IRIW-SC-011111,1,1,2,1,0,0,0,0
IRIW-SC-011111,2,1,2,1,0,0,0,0
IRIW-SC-011111,3,2,4,1,0,0,0,0
IRIW-SC-011111,4,1,2,1,0,0,0,0
IRIW-SC-011111,5,2,4,1,0,0,0,0
IRIW-SC-011111,6,2,4,1,0,0,0,0
IRIW-SC-011111,7,3,8,1,0,0,0,0
IRIW-SC-011111,8,1,2,1,0,0,0,0
IRIW-SC-011111,9,2,4,1,0,0,0,0
IRIW-SC-011111,10,2,4,1,0,0,0,0
IRIW-SC-011111,11,3,8,1,0,0,0,0
IRIW-SC-011111,12,2,4,1,0,0,0,0
IRIW-SC-011111,13,3,8,1,0,0,0,0
IRIW-SC-011111,14,3,8,1,0,0,0,0
IRIW-SC-011111,15,4,16,1,0,0,0,0
IRIW-SC-100000,0,0,1,1,0,0,0,1
IRIW-SC-100000,1,1,2,1,0,0,0,0
IRIW-SC-100000,2,1,2,1,0,0,0,0
IRIW-SC-100000,3,2,4,1,0,0,0,0
IRIW-SC-100000,4,1,2,1,0,0,0,0
IRIW-SC-100000,5,2,4,1,0,0,0,0
IRIW-SC-100000,6,2,4,1,0,0,0,0
IRIW-SC-100000,7,3,8,1,0,0,0,0
IRIW-SC-100000,8,1,2,1,0,0,0,0
IRIW-SC-100000,9,2,4,1,0,0,0,0
IRIW-SC-100000,10,2,4,1,0,0,0,0
IRIW-SC-100000,11,3,8,1,0,0,0,0
IRIW-SC-100000,12,2,4,1,0,0,0,0
IRIW-SC-100000,13,3,8,1,0,0,0,0
IRIW-SC-100000,14,3,8,1,0,0,0,0
IRIW-SC-100000,15,4,16,1,0,0,0,0
IRIW-SC-100001,0,0,1,1,0,0,0,1
IRIW-SC-100001,1,1,2,1,0,0,0,0
IRIW-SC-100001,2,1,2,1,0,0,0,0
IRIW-SC-100001,3,2,4,1,0,0,0,0
IRIW-SC-100001,4,1,2,1,0,0,0,0
IRIW-SC-100001,5,2,4,1,0,0,0,0
IRIW-SC-100001,6,2,4,1,0,0,0,0
IRIW-SC-100001,7,3,8,1,0,0,0,0
IRIW-SC-100001,8,1,2,1,0,0,0,0
IRIW-SC-100001,9,2,4,1,0,0,0,0
IRIW-SC-100001,10,2,4,1,0,0,0,0
IRIW-SC-100001,11,3,8,1,0,0,0,0
IRIW-SC-100001,12,2,4,1,0,0,0,0
IRIW-SC-100001,13,3,8,1,0,0,0,0
IRIW-SC-100001,14,3,8,1,0,0,0,0
IRIW-SC-100001,15,4,16,1,0,0,0,0
IRIW-SC-100010,0,0,1,1,0,0,0,1
IRIW-SC-100010,1,1,2,1,0,0,0,0
IRIW-SC-100010,2,1,2,1,0,0,0,0
IRIW-SC-100010,3,2,4,1,0,0,0,0
IRIW-SC-100010,4,1,2,1,0,0,0,0
IRIW-SC-100010,5,2,4,1,0,0,0,0
IRIW-SC-100010,6,2,4,1,0,0,0,0
IRIW-SC-100010,7,3,8,1,0,0,0,0
IRIW-SC-100010,8,1,2,1,0,0,0,0
IRIW-SC-100010,9,2,4,1,0,0,0,0
IRIW-SC-100010,10,2,4,1,0,0,0,0
IRIW-SC-100010,11,3,8,1,0,0,0,0
IRIW-SC-100010,12,2,4,1,0,0,0,0
IRIW-SC-100010,13,3,8,1,0,0,0,0
IRIW-SC-100010,14,3,8,1,0,0,0,0
IRIW-SC-100010,15,4,16,1,0,0,0,0
IRIW-SC-100011,0,0,1,1,0,0,0,1
IRIW-SC-100011,1,1,2,1,0,0,0,0
IRIW-SC-100011,2,1,2,1,0,0,0,0
IRIW-SC-100011,3,2,4,1,0,0,0,0
IRIW-SC-100011,4,1,2,1,0,0,0,0
IRIW-SC-100011,5,2,4,1,0,0,0,0
IRIW-SC-100011,6,2,4,1,0,0,0,0
IRIW-SC-100011,7,3,8,1,0,0,0,0
IRIW-SC-100011,8,1,2,1,0,0,0,0
IRIW-SC-100011,9,2,4,1,0,0,0,0
IRIW-SC-100011,10,2,4,1,0,0,0,0
IRIW-SC-100011,11,3,8,1,0,0,0,0
IRIW-SC-100011,12,2,4,1,0,0,0,0
IRIW-SC-100011,13,3,8,1,0,0,0,0
IRIW-SC-100011,14,3,8,1,0,0,0,0
IRIW-SC-100011,15,4,16,1,0,0,0,0
IRIW-SC-100100,0,0,1,1,0,0,0,1
IRIW-SC-100100,1,1,2,1,0,0,0,0
IRIW-SC-100100,2,1,2,1,0,0,0,0
IRIW-SC-100100,3,2,4,1,0,0,0,0
IRIW-SC-100100,4,1,2,1,0,0,0,0
IRIW-SC-100100,5,2,4,1,0,0,0,0
IRIW-SC-100100,6,2,4,1,0,0,0,0
IRIW-SC-100100,7,3,8,1,0,0,0,0
IRIW-SC-100100,8,1,2,1,0,0,0,0
IRIW-SC-100100,9,2,4,1,0,0,0,0
IRIW-SC-100100,10,2,4,1,0,0,0,0
IRIW-SC-100100,11,3,8,1,0,0,0,0
IRIW-SC-100100,12,2,4,1,0,0,0,0
IRIW-SC-100100,13,3,8,1,0,0,0,0
IRIW-SC-100100,14,3,8,1,0,0,0,0
IRIW-SC-100100,15,4,16,1,0,0,0,0
IRIW-SC-100101,0,0,1,1,0,0,0,1
IRIW-SC-100101,1,1,2,1,0,0,0,0
IRIW-SC-100101,2,1,2,1,0,0,0,0
IRIW-SC-100101,3,2,4,1,0,0,0,0
IRIW-SC-100101,4,1,2,1,0,0,0,0
IRIW-SC-100101,5,2,4,1,0,0,0,0
IRIW-SC-100101,6,2,4,1,0,0,0,0
IRIW-SC-100101,7,3,8,1,0,0,0,0
IRIW-SC-100101,8,1,2,1,0,0,0,0
IRIW-SC-100101,9,2,4,1,0,0,0,0
IRIW-SC-100101,10,2,4,1,0,0,0,0
IRIW-SC-100101,11,3,8,1,0,0,0,0
IRIW-SC-100101,12,2,4,1,0,0,0,0
IRIW-SC-100101,13,3,8,1,0,0,0,0
IRIW-SC-100101,14,3,8,1,0,0,0,0
IRIW-SC-100101,15,4,16,1,0,0,0,0
IRIW-SC-100110,0,0,1,1,0,0,0,1
IRIW-SC-100110,1,1,2,1,0,0,0,0
IRIW-SC-100110,2,1,2,1,0,0,0,0
IRIW-SC-100110,3,2,4,1,0,0,0,0
IRIW-SC-100110,4,1,2,1,0,0,0,0
IRIW-SC-100110,5,2,4,1,0,0,0,0
IRIW-SC-100110,6,2,4,1,0,0,0,0
IRIW-SC-100110,7,3,8,1,0,0,0,0
IRIW-SC-100110,8,1,2,1,0,0,0,0
IRIW-SC-100110,9,2,4,1,0,0,0,0
IRIW-SC-100110,10,2,4,1,0,0,0,0
IRIW-SC-100110,11,3,8,1,0,0,0,0
IRIW-SC-100110,12,2,4,1,0,0,0,0
IRIW-SC-100110,13,3,8,1,0,0,0,0
IRIW-SC-100110,14,3,8,1,0,0,0,0
IRIW-SC-100110,15,4,16,1,0,0,0,0
IRIW-SC-100111,0,0,1,1,0,0,0,1
IRIW-SC-100111,1,1,2,1,0,0,0,0
IRIW-SC-100111,2,1,2,1,0,0,0,0
IRIW-SC-100111,3,2,4,1,0,0,0,0
IRIW-SC-100111,4,1,2,1,0,0,0,0
IRIW-SC-100111,5,2,4,1,0,0,0,0
IRIW-SC-100111,6,2,4,1,0,0,0,0
IRIW-SC-100111,7,3,8,1,0,0,0,0
IRIW-SC-100111,8,1,2,1,0,0,0,0
IRIW-SC-100111,9,2,4,1,0,0,0,0
IRIW-SC-100111,10,2,4,1,0,0,0,0
IRIW-SC-100111,11,3,8,1,0,0,0,0
IRIW-SC-100111,12,2,4,1,0,0,0,0
IRIW-SC-100111,13,3,8,1,0,0,0,0
IRIW-SC-100111,14,3,8,1,0,0,0,0
IRIW-SC-100111,15,4,16,1,0,0,0,0
IRIW-SC-101000,0,0,1,1,0,0,0,1
IRIW-SC-101000,1,1,2,1,0,0,0,0
IRIW-SC-101000,2,1,2,1,0,0,0,0
IRIW-SC-101000,3,2,4,1,0,0,0,0
IRIW-SC-101000,4,1,2,1,0,0,0,0
IRIW-SC-101000,5,2,4,1,0,0,0,0
IRIW-SC-101000,6,2,4,1,0,0,0,0
IRIW-SC-101000,7,3,8,1,0,0,0,0
IRIW-SC-101000,8,1,2,1,0,0,0,0
IRIW-SC-101000,9,2,4,1,0,0,0,0
IRIW-SC-101000,10,2,4,1,0,0,0,0
IRIW-SC-101000,11,3,8,1,0,0,0,0
IRIW-SC-101000,12,2,4,1,0,0,0,0
IRIW-SC-101000,13,3,8,1,0,0,0,0
IRIW-SC-101000,14,3,8,1,0,0,0,0
IRIW-SC-101000,15,4,16,1,0,0,0,0
IRIW-SC-101001,0,0,1,1,0,0,0,1
IRIW-SC-101001,1,1,2,1,0,0,0,0
IRIW-SC-101001,2,1,2,1,0,0,0,0
IRIW-SC-101001,3,2,4,1,0,0,0,0
IRIW-SC-101001,4,1,2,1,0,0,0,0
IRIW-SC-101001,5,2,4,1,0,0,0,0
IRIW-SC-101001,6,2,4,1,0,0,0,0
IRIW-SC-101001,7,3,8,1,0,0,0,0
IRIW-SC-101001,8,1,2,1,0,0,0,0
IRIW-SC-101001,9,2,4,1,0,0,0,0
IRIW-SC-101001,10,2,4,1,0,0,0,0
IRIW-SC-101001,11,3,8,1,0,0,0,0
IRIW-SC-101001,12,2,4,1,0,0,0,0
IRIW-SC-101001,13,3,8,1,0,0,0,0
IRIW-SC-101001,14,3,8,1,0,0,0,0
IRIW-SC-101001,15,4,16,1,0,0,0,0
IRIW-SC-101010,0,0,1,1,0,0,0,1
IRIW-SC-101010,1,1,2,1,0,0,0,0
IRIW-SC-101010,2,1,2,1,0,0,0,0
IRIW-SC-101010,3,2,4,1,0,0,0,0
IRIW-SC-101010,4,1,2,1,0,0,0,0
IRIW-SC-101010,5,2,4,1,0,0,0,0
IRIW-SC-101010,6,2,4,1,0,0,0,0
IRIW-SC-101010,7,3,8,1,0,0,0,0
IRIW-SC-101010,8,1,2,1,0,0,0,0
IRIW-SC-101010,9,2,4,1,0,0,0,0
IRIW-SC-101010,10,2,4,1,0,0,0,0
IRIW-SC-101010,11,3,8,1,0,0,0,0
IRIW-SC-101010,12,2,4,1,0,0,0,0
IRIW-SC-101010,13,3,8,1,0,0,0,0
IRIW-SC-101010,14,3,8,1,0,0,0,0
IRIW-SC-101010,15,4,16,1,0,0,0,0
IRIW-SC-101011,0,0,1,1,0,0,0,1
IRIW-SC-101011,1,1,2,1,0,0,0,0
IRIW-SC-101011,2,1,2,1,0,0,0,0
IRIW-SC-101011,3,2,4,1,0,0,0,0
IRIW-SC-101011,4,1,2,1,0,0,0,0
IRIW-SC-101011,5,2,4,1,0,0,0,0
IRIW-SC-101011,6,2,4,1,0,0,0,0
IRIW-SC-101011,7,3,8,1,0,0,0,0
IRIW-SC-101011,8,1,2,1,0,0,0,0
IRIW-SC-101011,9,2,4,1,0,0,0,0
IRIW-SC-101011,10,2,4,1,0,0,0,0
IRIW-SC-101011,11,3,8,1,0,0,0,0
IRIW-SC-101011,12,2,4,1,0,0,0,0
IRIW-SC-101011,13,3,8,1,0,0,0,0
IRIW-SC-101011,14,3,8,1,0,0,0,0
IRIW-SC-101011,15,4,16,1,0,0,0,0
IRIW-SC-101100,0,0,1,1,0,0,0,1
IRIW-SC-101100,1,1,2,1,0,0,0,0
IRIW-SC-101100,2,1,2,1,0,0,0,0
IRIW-SC-101100,3,2,4,1,0,0,0,0
IRIW-SC-101100,4,1,2,1,0,0,0,0
IRIW-SC-101100,5,2,4,1,0,0,0,0
IRIW-SC-101100,6,2,4,1,0,0,0,0
IRIW-SC-101100,7,3,8,1,0,0,0,0
IRIW-SC-101100,8,1,2,1,0,0,0,0
IRIW-SC-101100,9,2,4,1,0,0,0,0
IRIW-SC-101100,10,2,4,1,0,0,0,0
IRIW-SC-101100,11,3,8,1,0,0,0,0
IRIW-SC-101100,12,2,4,1,0,0,0,0
IRIW-SC-101100,13,3,8,1,0,0,0,0
IRIW-SC-101100,14,3,8,1,0,0,0,0
IRIW-SC-101100,15,4,16,1,0,0,0,0
IRIW-SC-101101,0,0,1,1,0,0,0,1
IRIW-SC-101101,1,1,2,1,0,0,0,0
IRIW-SC-101101,2,1,2,1,0,0,0,0
IRIW-SC-101101,3,2,4,1,0,0,0,0
IRIW-SC-101101,4,1,2,1,0,0,0,0
IRIW-SC-101101,5,2,4,1,0,0,0,0
IRIW-SC-101101,6,2,4,1,0,0,0,0
IRIW-SC-101101,7,3,8,1,0,0,0,0
IRIW-SC-101101,8,1,2,1,0,0,0,0
IRIW-SC-101101,9,2,4,1,0,0,0,0
IRIW-SC-101101,10,2,4,1,0,0,0,0
IRIW-SC-101101,11,3,8,1,0,0,0,0
IRIW-SC-101101,12,2,4,1,0,0,0,0
IRIW-SC-101101,13,3,8,1,0,0,0,0
IRIW-SC-101101,14,3,8,1,0,0,0,0
IRIW-SC-101101,15,4,16,1,0,0,0,0
IRIW-SC-101110,0,0,1,1,0,0,0,1
IRIW-SC-101110,1,1,2,1,0,0,0,0
IRIW-SC-101110,2,1,2,1,0,0,0,0
IRIW-SC-101110,3,2,4,1,0,0,0,0
IRIW-SC-101110,4,1,2,1,0,0,0,0
IRIW-SC-101110,5,2,4,1,0,0,0,0
IRIW-SC-101110,6,2,4,1,0,0,0,0
IRIW-SC-101110,7,3,8,1,0,0,0,0
IRIW-SC-101110,8,1,2,1,0,0,0,0
IRIW-SC-101110,9,2,4,1,0,0,0,0
IRIW-SC-101110,10,2,4,1,0,0,0,0
IRIW-SC-101110,11,3,8,1,0,0,0,0
IRIW-SC-101110,12,2,4,1,0,0,0,0
IRIW-SC-101110,13,3,8,1,0,0,0,0
IRIW-SC-101110,14,3,8,1,0,0,0,0
IRIW-SC-101110,15,4,16,1,0,0,0,0
IRIW-SC-101111,0,0,1,1,0,0,0,1
IRIW-SC-101111,1,1,2,1,0,0,0,0
IRIW-SC-101111,2,1,2,1,0,0,0,0
IRIW-SC-101111,3,2,4,1,0,0,0,0
IRIW-SC-101111,4,1,2,1,0,0,0,0
IRIW-SC-101111,5,2,4,1,0,0,0,0
IRIW-SC-101111,6,2,4,1,0,0,0,0
IRIW-SC-101111,7,3,8,1,0,0,0,0
IRIW-SC-101111,8,1,2,1,0,0,0,0
IRIW-SC-101111,9,2,4,1,0,0,0,0
IRIW-SC-101111,10,2,4,1,0,0,0,0
IRIW-SC-101111,11,3,8,1,0,0,0,0
IRIW-SC-101111,12,2,4,1,0,0,0,0
IRIW-SC-101111,13,3,8,1,0,0,0,0
IRIW-SC-101111,14,3,8,1,0,0,0,0
IRIW-SC-101111,15,4,16,1,0,0,0,0
IRIW-SC-110000,0,0,1,1,0,0,0,1
IRIW-SC-110000,1,1,2,1,0,0,0,0
IRIW-SC-110000,2,1,2,1,0,0,0,0
IRIW-SC-110000,3,2,4,1,0,0,0,0
IRIW-SC-110000,4,1,2,1,0,0,0,0
IRIW-SC-110000,5,2,4,1,0,0,0,0
IRIW-SC-110000,6,2,4,1,0,0,0,0
IRIW-SC-110000,7,3,8,1,0,0,0,0
IRIW-SC-110000,8,1,2,1,0,0,0,0
IRIW-SC-110000,9,2,4,1,0,0,0,0
IRIW-SC-110000,10,2,4,1,0,0,0,0
IRIW-SC-110000,11,3,8,1,0,0,0,0
IRIW-SC-110000,12,2,4,1,0,0,0,0
IRIW-SC-110000,13,3,8,1,0,0,0,0
IRIW-SC-110000,14,3,8,1,0,0,0,0
IRIW-SC-110000,15,4,16,1,0,0,0,0
IRIW-SC-110001,0,0,1,1,0,0,0,1
IRIW-SC-110001,1,1,2,1,0,0,0,0
IRIW-SC-110001,2,1,2,1,0,0,0,0
IRIW-SC-110001,3,2,4,1,0,0,0,0
IRIW-SC-110001,4,1,2,1,0,0,0,0
IRIW-SC-110001,5,2,4,1,0,0,0,0
IRIW-SC-110001,6,2,4,1,0,0,0,0
IRIW-SC-110001,7,3,8,1,0,0,0,0
IRIW-SC-110001,8,1,2,1,0,0,0,0
IRIW-SC-110001,9,2,4,1,0,0,0,0
IRIW-SC-110001,10,2,4,1,0,0,0,0
IRIW-SC-110001,11,3,8,1,0,0,0,0
IRIW-SC-110001,12,2,4,1,0,0,0,0
IRIW-SC-110001,13,3,8,1,0,0,0,0
IRIW-SC-110001,14,3,8,1,0,0,0,0
IRIW-SC-110001,15,4,16,1,0,0,0,0
IRIW-SC-110010,0,0,1,1,0,0,0,1
IRIW-SC-110010,1,1,2,1,0,0,0,0
IRIW-SC-110010,2,1,2,1,0,0,0,0
IRIW-SC-110010,3,2,4,1,0,0,0,0
IRIW-SC-110010,4,1,2,1,0,0,0,0
IRIW-SC-110010,5,2,4,1,0,0,0,0
IRIW-SC-110010,6,2,4,1,0,0,0,0
IRIW-SC-110010,7,3,8,1,0,0,0,0
IRIW-SC-110010,8,1,2,1,0,0,0,0
IRIW-SC-110010,9,2,4,1,0,0,0,0
IRIW-SC-110010,10,2,4,1,0,0,0,0
IRIW-SC-110010,11,3,8,1,0,0,0,0
IRIW-SC-110010,12,2,4,1,0,0,0,0
IRIW-SC-110010,13,3,8,1,0,0,0,0
IRIW-SC-110010,14,3,8,1,0,0,0,0
IRIW-SC-110010,15,4,16,1,0,0,0,0
IRIW-SC-110011,0,0,1,1,0,0,0,1
IRIW-SC-110011,1,1,2,1,0,0,0,0
IRIW-SC-110011,2,1,2,1,0,0,0,0
IRIW-SC-110011,3,2,4,1,0,0,0,0
IRIW-SC-110011,4,1,2,1,0,0,0,0
IRIW-SC-110011,5,2,4,1,0,0,0,0
IRIW-SC-110011,6,2,4,1,0,0,0,0
IRIW-SC-110011,7,3,8,1,0,0,0,0
IRIW-SC-110011,8,1,2,1,0,0,0,0
IRIW-SC-110011,9,2,4,1,0,0,0,0
IRIW-SC-110011,10,2,4,1,0,0,0,0
IRIW-SC-110011,11,3,8,1,0,0,0,0
IRIW-SC-110011,12,2,4,1,0,0,0,0
IRIW-SC-110011,13,3,8,1,0,0,0,0
IRIW-SC-110011,14,3,8,1,0,0,0,0
IRIW-SC-110011,15,4,16,1,0,0,0,0
IRIW-SC-110100,0,0,1,1,0,0,0,1
IRIW-SC-110100,1,1,2,1,0,0,0,0
IRIW-SC-110100,2,1,2,1,0,0,0,0
IRIW-SC-110100,3,2,4,1,0,0,0,0
IRIW-SC-110100,4,1,2,1,0,0,0,0
IRIW-SC-110100,5,2,4,1,0,0,0,0
IRIW-SC-110100,6,2,4,1,0,0,0,0
IRIW-SC-110100,7,3,8,1,0,0,0,0
IRIW-SC-110100,8,1,2,1,0,0,0,0
IRIW-SC-110100,9,2,4,1,0,0,0,0
IRIW-SC-110100,10,2,4,1,0,0,0,0
IRIW-SC-110100,11,3,8,1,0,0,0,0
IRIW-SC-110100,12,2,4,1,0,0,0,0
IRIW-SC-110100,13,3,8,1,0,0,0,0
IRIW-SC-110100,14,3,8,1,0,0,0,0
IRIW-SC-110100,15,4,16,1,0,0,0,0
IRIW-SC-110101,0,0,1,1,0,0,0,1
IRIW-SC-110101,1,1,2,1,0,0,0,0
IRIW-SC-110101,2,1,2,1,0,0,0,0
IRIW-SC-110101,3,2,4,1,0,0,0,0
IRIW-SC-110101,4,1,2,1,0,0,0,0
IRIW-SC-110101,5,2,4,1,0,0,0,0
IRIW-SC-110101,6,2,4,1,0,0,0,0
IRIW-SC-110101,7,3,8,1,0,0,0,0
IRIW-SC-110101,8,1,2,1,0,0,0,0
IRIW-SC-110101,9,2,4,1,0,0,0,0
IRIW-SC-110101,10,2,4,1,0,0,0,0
IRIW-SC-110101,11,3,8,1,0,0,0,0
IRIW-SC-110101,12,2,4,1,0,0,0,0
IRIW-SC-110101,13,3,8,1,0,0,0,0
IRIW-SC-110101,14,3,8,1,0,0,0,0
IRIW-SC-110101,15,4,16,1,0,0,0,0
IRIW-SC-110110,0,0,1,1,0,0,0,1
IRIW-SC-110110,1,1,2,1,0,0,0,0
IRIW-SC-110110,2,1,2,1,0,0,0,0
IRIW-SC-110110,3,2,4,1,0,0,0,0
IRIW-SC-110110,4,1,2,1,0,0,0,0
IRIW-SC-110110,5,2,4,1,0,0,0,0
IRIW-SC-110110,6,2,4,1,0,0,0,0
IRIW-SC-110110,7,3,8,1,0,0,0,0
IRIW-SC-110110,8,1,2,1,0,0,0,0
IRIW-SC-110110,9,2,4,1,0,0,0,0
IRIW-SC-110110,10,2,4,1,0,0,0,0
IRIW-SC-110110,11,3,8,1,0,0,0,0
IRIW-SC-110110,12,2,4,1,0,0,0,0
IRIW-SC-110110,13,3,8,1,0,0,0,0
IRIW-SC-110110,14,3,8,1,0,0,0,0
IRIW-SC-110110,15,4,16,1,0,0,0,0
IRIW-SC-110111,0,0,1,1,0,0,0,1
IRIW-SC-110111,1,1,2,1,0,0,0,0
IRIW-SC-110111,2,1,2,1,0,0,0,0
IRIW-SC-110111,3,2,4,1,0,0,0,0
IRIW-SC-110111,4,1,2,1,0,0,0,0
IRIW-SC-110111,5,2,4,1,0,0,0,0
IRIW-SC-110111,6,2,4,1,0,0,0,0
IRIW-SC-110111,7,3,8,1,0,0,0,0
IRIW-SC-110111,8,1,2,1,0,0,0,0
IRIW-SC-110111,9,2,4,1,0,0,0,0
IRIW-SC-110111,10,2,4,1,0,0,0,0
IRIW-SC-110111,11,3,8,1,0,0,0,0
IRIW-SC-110111,12,2,4,1,0,0,0,0
IRIW-SC-110111,13,3,8,1,0,0,0,0
IRIW-SC-110111,14,3,8,1,0,0,0,0
IRIW-SC-110111,15,4,16,1,0,0,0,0
IRIW-SC-111000,0,0,1,1,0,0,0,1
IRIW-SC-111000,1,1,2,1,0,0,0,0
IRIW-SC-111000,2,1,2,1,0,0,0,0
IRIW-SC-111000,3,2,4,1,0,0,0,0
IRIW-SC-111000,4,1,2,1,0,0,0,0
IRIW-SC-111000,5,2,4,1,0,0,0,0
IRIW-SC-111000,6,2,4,1,0,0,0,0
IRIW-SC-111000,7,3,8,1,0,0,0,0
IRIW-SC-111000,8,1,2,1,0,0,0,0
IRIW-SC-111000,9,2,4,1,0,0,0,0
IRIW-SC-111000,10,2,4,1,0,0,0,0
IRIW-SC-111000,11,3,8,1,0,0,0,0
IRIW-SC-111000,12,2,4,1,0,0,0,0
IRIW-SC-111000,13,3,8,1,0,0,0,0
IRIW-SC-111000,14,3,8,1,0,0,0,0
IRIW-SC-111000,15,4,16,1,0,0,0,0
IRIW-SC-111001,0,0,1,1,0,0,0,1
IRIW-SC-111001,1,1,2,1,0,0,0,0
IRIW-SC-111001,2,1,2,1,0,0,0,0
IRIW-SC-111001,3,2,4,1,0,0,0,0
IRIW-SC-111001,4,1,2,1,0,0,0,0
IRIW-SC-111001,5,2,4,1,0,0,0,0
IRIW-SC-111001,6,2,4,1,0,0,0,0
IRIW-SC-111001,7,3,8,1,0,0,0,0
IRIW-SC-111001,8,1,2,1,0,0,0,0
IRIW-SC-111001,9,2,4,1,0,0,0,0
IRIW-SC-111001,10,2,4,1,0,0,0,0
IRIW-SC-111001,11,3,8,1,0,0,0,0
IRIW-SC-111001,12,2,4,1,0,0,0,0
IRIW-SC-111001,13,3,8,1,0,0,0,0
IRIW-SC-111001,14,3,8,1,0,0,0,0
IRIW-SC-111001,15,4,16,1,0,0,0,0
IRIW-SC-111010,0,0,1,1,0,0,0,1
IRIW-SC-111010,1,1,2,1,0,0,0,0
IRIW-SC-111010,2,1,2,1,0,0,0,0
IRIW-SC-111010,3,2,4,1,0,0,0,0
IRIW-SC-111010,4,1,2,1,0,0,0,0
IRIW-SC-111010,5,2,4,1,0,0,0,0
IRIW-SC-111010,6,2,4,1,0,0,0,0
IRIW-SC-111010,7,3,8,1,0,0,0,0
IRIW-SC-111010,8,1,2,1,0,0,0,0
IRIW-SC-111010,9,2,4,1,0,0,0,0
IRIW-SC-111010,10,2,4,1,0,0,0,0
IRIW-SC-111010,11,3,8,1,0,0,0,0
IRIW-SC-111010,12,2,4,1,0,0,0,0
IRIW-SC-111010,13,3,8,1,0,0,0,0
IRIW-SC-111010,14,3,8,1,0,0,0,0
IRIW-SC-111010,15,4,16,1,0,0,0,0
IRIW-SC-111011,0,0,1,1,0,0,0,1
IRIW-SC-111011,1,1,2,1,0,0,0,0
IRIW-SC-111011,2,1,2,1,0,0,0,0
IRIW-SC-111011,3,2,4,1,0,0,0,0
IRIW-SC-111011,4,1,2,1,0,0,0,0
IRIW-SC-111011,5,2,4,1,0,0,0,0
IRIW-SC-111011,6,2,4,1,0,0,0,0
IRIW-SC-111011,7,3,8,1,0,0,0,0
IRIW-SC-111011,8,1,2,1,0,0,0,0
IRIW-SC-111011,9,2,4,1,0,0,0,0
IRIW-SC-111011,10,2,4,1,0,0,0,0
IRIW-SC-111011,11,3,8,1,0,0,0,0
IRIW-SC-111011,12,2,4,1,0,0,0,0
IRIW-SC-111011,13,3,8,1,0,0,0,0
IRIW-SC-111011,14,3,8,1,0,0,0,0
IRIW-SC-111011,15,4,16,1,0,0,0,0
IRIW-SC-111100,0,0,1,1,0,0,0,1
IRIW-SC-111100,1,1,2,1,0,0,0,0
IRIW-SC-111100,2,1,2,1,0,0,0,0
IRIW-SC-111100,3,2,4,1,0,0,0,0
IRIW-SC-111100,4,1,2,1,0,0,0,0
IRIW-SC-111100,5,2,4,1,0,0,0,0
IRIW-SC-111100,6,2,4,1,0,0,0,0
IRIW-SC-111100,7,3,8,1,0,0,0,0
IRIW-SC-111100,8,1,2,1,0,0,0,0
IRIW-SC-111100,9,2,4,1,0,0,0,0
IRIW-SC-111100,10,2,4,1,0,0,0,0
IRIW-SC-111100,11,3,8,1,0,0,0,0
IRIW-SC-111100,12,2,4,1,0,0,0,0
IRIW-SC-111100,13,3,8,1,0,0,0,0
IRIW-SC-111100,14,3,8,1,0,0,0,0
IRIW-SC-111100,15,4,16,1,0,0,0,0
IRIW-SC-111101,0,0,1,1,0,0,0,1
IRIW-SC-111101,1,1,2,1,0,0,0,0
IRIW-SC-111101,2,1,2,1,0,0,0,0
IRIW-SC-111101,3,2,4,1,0,0,0,0
IRIW-SC-111101,4,1,2,1,0,0,0,0
IRIW-SC-111101,5,2,4,1,0,0,0,0
IRIW-SC-111101,6,2,4,1,0,0,0,0
IRIW-SC-111101,7,3,8,1,0,0,0,0
IRIW-SC-111101,8,1,2,1,0,0,0,0
IRIW-SC-111101,9,2,4,1,0,0,0,0
IRIW-SC-111101,10,2,4,1,0,0,0,0
IRIW-SC-111101,11,3,8,1,0,0,0,0
IRIW-SC-111101,12,2,4,1,0,0,0,0
IRIW-SC-111101,13,3,8,1,0,0,0,0
IRIW-SC-111101,14,3,8,1,0,0,0,0
IRIW-SC-111101,15,4,16,1,0,0,0,0
IRIW-SC-111110,0,0,1,1,0,0,0,1
IRIW-SC-111110,1,1,2,1,0,0,0,0
IRIW-SC-111110,2,1,2,1,0,0,0,0
IRIW-SC-111110,3,2,4,1,0,0,0,0
IRIW-SC-111110,4,1,2,1,0,0,0,0
IRIW-SC-111110,5,2,4,1,0,0,0,0
IRIW-SC-111110,6,2,4,1,0,0,0,0
IRIW-SC-111110,7,3,8,1,0,0,0,0
IRIW-SC-111110,8,1,2,1,0,0,0,0
IRIW-SC-111110,9,2,4,1,0,0,0,0
IRIW-SC-111110,10,2,4,1,0,0,0,0
IRIW-SC-111110,11,3,8,1,0,0,0,0
IRIW-SC-111110,12,2,4,1,0,0,0,0
IRIW-SC-111110,13,3,8,1,0,0,0,0
IRIW-SC-111110,14,3,8,1,0,0,0,0
IRIW-SC-111110,15,4,16,1,0,0,0,0
IRIW-SC-111111,0,0,1,0,1,15,1,0
IRIW-SC-111111,1,1,2,0,1,7,1,0
IRIW-SC-111111,2,1,2,0,1,7,1,0
IRIW-SC-111111,3,2,4,0,1,3,1,0
IRIW-SC-111111,4,1,2,0,1,7,1,0
IRIW-SC-111111,5,2,4,0,1,3,1,0
IRIW-SC-111111,6,2,4,0,1,3,1,0
IRIW-SC-111111,7,3,8,0,1,1,1,0
IRIW-SC-111111,8,1,2,0,1,7,1,0
IRIW-SC-111111,9,2,4,0,1,3,1,0
IRIW-SC-111111,10,2,4,0,1,3,1,0
IRIW-SC-111111,11,3,8,0,1,1,1,0
IRIW-SC-111111,12,2,4,0,1,3,1,0
IRIW-SC-111111,13,3,8,0,1,1,1,0
IRIW-SC-111111,14,3,8,0,1,1,1,0
IRIW-SC-111111,15,4,16,1,0,0,0,1
IRIW-MIX-221212,0,0,1,0,1,15,1,0
IRIW-MIX-221212,1,1,2,0,1,7,1,0
IRIW-MIX-221212,2,1,2,0,1,7,1,0
IRIW-MIX-221212,3,2,4,0,1,3,1,0
IRIW-MIX-221212,4,1,2,0,1,7,1,0
IRIW-MIX-221212,5,2,4,0,1,3,1,0
IRIW-MIX-221212,6,2,4,0,1,3,1,0
IRIW-MIX-221212,7,3,8,0,1,1,1,0
IRIW-MIX-221212,8,1,2,0,1,7,1,0
IRIW-MIX-221212,9,2,4,0,1,3,1,0
IRIW-MIX-221212,10,2,4,0,1,3,1,0
IRIW-MIX-221212,11,3,8,0,1,1,1,0
IRIW-MIX-221212,12,2,4,0,1,3,1,0
IRIW-MIX-221212,13,3,8,0,1,1,1,0
IRIW-MIX-221212,14,3,8,0,1,1,1,0
IRIW-MIX-221212,15,4,16,1,0,0,0,1
IRIW-MIX-221222,0,0,1,0,1,15,1,0
IRIW-MIX-221222,1,1,2,0,1,7,1,0
IRIW-MIX-221222,2,1,2,0,1,7,1,0
IRIW-MIX-221222,3,2,4,0,1,3,1,0
IRIW-MIX-221222,4,1,2,0,1,7,1,0
IRIW-MIX-221222,5,2,4,0,1,3,1,0
IRIW-MIX-221222,6,2,4,0,1,3,1,0
IRIW-MIX-221222,7,3,8,0,1,1,1,0
IRIW-MIX-221222,8,1,2,0,1,7,1,0
IRIW-MIX-221222,9,2,4,0,1,3,1,0
IRIW-MIX-221222,10,2,4,0,1,3,1,0
IRIW-MIX-221222,11,3,8,0,1,1,1,0
IRIW-MIX-221222,12,2,4,0,1,3,1,0
IRIW-MIX-221222,13,3,8,0,1,1,1,0
IRIW-MIX-221222,14,3,8,0,1,1,1,0
IRIW-MIX-221222,15,4,16,1,0,0,0,1
IRIW-MIX-222212,0,0,1,0,1,15,1,0
IRIW-MIX-222212,1,1,2,0,1,7,1,0
IRIW-MIX-222212,2,1,2,0,1,7,1,0
IRIW-MIX-222212,3,2,4,0,1,3,1,0
IRIW-MIX-222212,4,1,2,0,1,7,1,0
IRIW-MIX-222212,5,2,4,0,1,3,1,0
IRIW-MIX-222212,6,2,4,0,1,3,1,0
IRIW-MIX-222212,7,3,8,0,1,1,1,0
IRIW-MIX-222212,8,1,2,0,1,7,1,0
IRIW-MIX-222212,9,2,4,0,1,3,1,0
IRIW-MIX-222212,10,2,4,0,1,3,1,0
IRIW-MIX-222212,11,3,8,0,1,1,1,0
IRIW-MIX-222212,12,2,4,0,1,3,1,0
IRIW-MIX-222212,13,3,8,0,1,1,1,0
IRIW-MIX-222212,14,3,8,0,1,1,1,0
IRIW-MIX-222212,15,4,16,1,0,0,0,1
